year,day,net.treatment,rep,insect.RTU,net.time,mean.temp,net.visitation,mean.visitation.duration,net.floral.density,mean.floral.density,insect.richness,count,rate.per.flower,rate.per.flower.hr
2015,D10,Annual flowers in open,1,bees,4.364166666666667,28.16144444,0.0019444444444444444,4.861111111111111e-4,236,59.0,1,4,0.06779661016949153,0.015534835249835751
2015,D10,Annual flowers in open,1,flies,5.735555555555556,28.16144444,0.2961111111111111,0.05922222222222222,248,49.6,1,5,0.10080645161290322,0.017575708340103233
2015,D10,Annual flowers in open,1,other,2.742777777777778,28.16144444,0.001388888888888889,6.944444444444445e-4,24,12.0,1,2,0.16666666666666666,0.060765647154142184
2015,D10,Annual flowers in open,2,bees,11.345555555555556,28.16144444,0.10138888888888889,0.008449074074074074,1112,92.66666666666667,1,12,0.12949640287769784,0.011413844147480957
2015,D10,Annual flowers in open,2,flies,1.4422222222222223,28.16144444,0.09194444444444444,0.09194444444444444,16,16.0,1,1,0.0625,0.043335901386748844
2015,D10,Annual flowers in open,2,none,0.25,28.16144444,0.0,0.0,200,200.0,1,1,0.005,0.02
2015,D10,Annual flowers in open,3,flies,1.6752777777777779,28.16144444,0.04388888888888889,0.01462962962962963,408,136.0,1,3,0.022058823529411766,0.013167263257483394
2015,D10,Annual flowers in open,4,bees,1.6744444444444444,28.16144444,2.777777777777778e-4,1.388888888888889e-4,212,106.0,1,2,0.018867924528301886,0.011268169924002454
2015,D10,Annual flowers in open,4,flies,1.0,28.16144444,0.0,0.0,800,200.0,1,4,0.02,0.02
2015,D10,Annual flowers in open,4,none,0.25,28.16144444,0.0,0.0,200,200.0,1,1,0.005,0.02
2015,D10,Annual flowers under Larrea,1,bees,0.25,19.84455556,0.0,0.0,200,200.0,1,1,0.005,0.02
2015,D10,Annual flowers under Larrea,1,none,1.3788888888888888,19.84455556,0.0,0.0,23,23.0,1,1,0.043478260869565216,0.03153137371684826
2015,D10,Annual flowers under Larrea,2,bees,5.524444444444445,19.84455556,0.24750000000000003,0.061875000000000006,60,15.0,1,4,0.26666666666666666,0.04827031375703942
2015,D10,Annual flowers under Larrea,2,flies,1.3811111111111112,19.84455556,0.0075,0.0075,15,15.0,1,1,0.06666666666666667,0.04827031375703942
2015,D10,Annual flowers under Larrea,2,none,0.5,19.84455556,0.0,0.0,400,200.0,1,2,0.01,0.02
2015,D10,Annual flowers under Larrea,2,other,4.1433333333333335,19.84455556,0.030833333333333334,0.010277777777777778,45,15.0,1,3,0.2,0.04827031375703942
2015,D10,Annual flowers under Larrea,3,bees,0.5,19.84455556,0.0,0.0,400,200.0,1,2,0.01,0.02
2015,D10,Annual flowers under Larrea,3,none,0.37527777777777777,19.84455556,0.0,0.0,207,103.5,1,2,0.01932367149758454,0.051491648698226755
2015,D10,Annual flowers under Larrea,4,bees,2.9988888888888887,19.84455556,0.275,0.1375,34,17.0,1,2,0.11764705882352941,0.03923021598413356
2015,D10,Annual flowers under Larrea,4,none,0.5,19.84455556,0.0,0.0,400,200.0,1,2,0.01,0.02
2015,D10,Annual flowers under Larrea,4,other,1.4994444444444444,19.84455556,0.03138888888888889,0.03138888888888889,17,17.0,1,1,0.058823529411764705,0.03923021598413356
2015,D10,Larrea flowers with annuals,1,bees,0.25,19.84455556,0.0,0.0,200,200.0,1,1,0.005,0.02
2015,D10,Larrea flowers with annuals,1,flies,1.7816666666666667,19.84455556,5.555555555555556e-4,2.777777777777778e-4,223,111.5,1,2,0.017937219730941704,0.010067663085654838
2015,D10,Larrea flowers with annuals,2,bees,2.8530555555555557,19.84455556,0.020833333333333332,0.002976190476190476,1230,175.71428571428572,1,7,0.039837398373983736,0.013963064370201679
2015,D10,Larrea flowers with annuals,2,flies,0.25,19.84455556,0.0,0.0,200,200.0,1,1,0.005,0.02
2015,D10,Larrea flowers with annuals,2,other,1.3530555555555555,19.84455556,0.06694444444444445,0.06694444444444445,30,30.0,1,1,0.03333333333333333,0.024635598439745433
2015,D10,Larrea flowers with annuals,3,bees,1.5,19.84455556,0.0,0.0,1200,200.0,1,6,0.03,0.02
2015,D10,Larrea flowers with annuals,3,flies,0.5,19.84455556,0.0,0.0,400,200.0,1,2,0.01,0.02
2015,D10,Larrea flowers with annuals,3,none,1.2055555555555555,19.84455556,0.0,0.0,33,33.0,1,1,0.030303030303030304,0.025136154168412236
2015,D10,Larrea flowers with annuals,4,bees,0.5,19.84455556,0.0,0.0,400,200.0,1,2,0.01,0.02
2015,D10,Larrea flowers with annuals,4,flies,1.6155555555555556,19.84455556,0.0016666666666666668,8.333333333333334e-4,241,120.5,1,2,0.016597510373443983,0.010273562129366977
2015,D10,Larrea flowers without annuals,1,bees,0.5,18.553,0.0,0.0,400,200.0,1,2,0.01,0.02
2015,D10,Larrea flowers without annuals,1,flies,1.5066666666666666,18.553,0.007222222222222222,0.007222222222222222,21,21.0,1,1,0.047619047619047616,0.0316055625790139
2015,D10,Larrea flowers without annuals,2,bees,0.25,18.553,0.0,0.0,200,200.0,1,1,0.005,0.02
2015,D10,Larrea flowers without annuals,2,flies,3.9766666666666666,18.553,0.005555555555555556,0.0011111111111111111,646,129.2,1,5,0.03869969040247678,0.009731690796934648
2015,D10,Larrea flowers without annuals,2,other,1.6133333333333333,18.553,2.777777777777778e-4,2.777777777777778e-4,23,23.0,1,1,0.043478260869565216,0.026949335249730505
2015,D10,Larrea flowers without annuals,3,bees,1.4766666666666666,18.553,5.555555555555556e-4,5.555555555555556e-4,10,10.0,1,1,0.1,0.06772009029345373
2015,D10,Larrea flowers without annuals,3,flies,0.25,18.553,0.0,0.0,200,200.0,1,1,0.005,0.02
2015,D10,Larrea flowers without annuals,3,other,2.953333333333333,18.553,0.0011111111111111111,5.555555555555556e-4,22,11.0,1,2,0.18181818181818182,0.061563718448594304
2015,D10,Larrea flowers without annuals,4,bees,0.25,18.553,0.0,0.0,200,200.0,1,1,0.005,0.02
2015,D10,Larrea flowers without annuals,4,flies,0.5,18.553,0.0,0.0,400,200.0,1,2,0.01,0.02
2015,D10,Larrea flowers without annuals,4,none,0.8786111111111111,18.553,0.0,0.0,18,18.0,1,1,0.05555555555555555,0.06323110970597534
2015,D11,Annual flowers in open,1,bees,11.21111111111111,29.83033333,0.29916666666666664,0.03739583333333333,128,16.0,1,8,0.5,0.0445986124876115
2015,D11,Annual flowers in open,1,flies,4.704166666666667,29.83033333,0.6936111111111111,0.13872222222222222,448,89.6,1,5,0.05580357142857143,0.011862583828925724
2015,D11,Annual flowers in open,1,none,0.5,29.83033333,0.0,0.0,400,200.0,1,2,0.01,0.02
2015,D11,Annual flowers in open,1,other,4.204166666666667,29.83033333,0.006111111111111111,0.0020370370370370373,48,16.0,1,3,0.1875,0.044598612487611496
2015,D11,Annual flowers in open,2,bees,18.648888888888887,29.83033333,0.5072222222222222,0.03381481481481481,888,59.2,1,15,0.25337837837837834,0.013586781490737639
2015,D11,Annual flowers in open,2,flies,11.23111111111111,29.83033333,0.3502777777777778,0.050039682539682544,56,8.0,1,7,0.875,0.07790858725761773
2015,D11,Annual flowers in open,2,none,0.5,29.83033333,0.0,0.0,400,200.0,1,2,0.01,0.02
2015,D11,Annual flowers in open,2,other,3.2088888888888887,29.83033333,0.014444444444444444,0.007222222222222222,16,8.0,1,2,0.25,0.07790858725761773
2015,D11,Annual flowers in open,3,bees,12.785,29.83033333,0.33333333333333337,0.03703703703703704,81,9.0,1,9,1.0,0.07821666014861166
2015,D11,Annual flowers in open,3,flies,4.261666666666667,29.83033333,0.03361111111111111,0.011203703703703704,27,9.0,1,3,0.3333333333333333,0.07821666014861164
2015,D11,Annual flowers in open,3,none,0.75,29.83033333,0.0,0.0,600,200.0,1,3,0.015,0.02
2015,D11,Annual flowers in open,3,other,4.261666666666667,29.83033333,0.004722222222222222,0.001574074074074074,27,9.0,1,3,0.3333333333333333,0.07821666014861164
2015,D11,Annual flowers in open,4,bees,26.040555555555557,29.83033333,0.08722222222222223,0.004590643274853801,285,15.0,1,19,1.2666666666666666,0.04864207539521686
2015,D11,Annual flowers in open,4,flies,6.852777777777778,29.83033333,0.09749999999999999,0.0195,75,15.0,1,5,0.3333333333333333,0.04864207539521686
2015,D11,Annual flowers in open,4,none,0.25,29.83033333,0.0,0.0,200,200.0,1,1,0.005,0.02
2015,D11,Annual flowers in open,4,other,6.852777777777778,29.83033333,0.02777777777777778,0.005555555555555556,75,15.0,1,5,0.3333333333333333,0.04864207539521686
2015,D11,Annual flowers under Larrea,1,bees,2.755,23.46722222,0.14527777777777778,0.07263888888888889,26,13.0,1,2,0.15384615384615385,0.055842524082088514
2015,D11,Annual flowers under Larrea,1,flies,9.8925,23.46722222,0.19972222222222225,0.02496527777777778,291,36.375,1,8,0.21993127147766323,0.022232122464257088
2015,D11,Annual flowers under Larrea,1,other,5.51,23.46722222,1.506388888888889,0.37659722222222225,52,13.0,1,4,0.3076923076923077,0.055842524082088514
2015,D11,Annual flowers under Larrea,2,bees,0.5,23.46722222,0.0,0.0,400,200.0,1,2,0.01,0.02
2015,D11,Annual flowers under Larrea,2,flies,4.4275,23.46722222,0.4411111111111111,0.11027777777777778,248,62.0,1,4,0.06451612903225806,0.01457168357589115
2015,D11,Annual flowers under Larrea,2,other,3.285,23.46722222,0.015277777777777779,0.0038194444444444448,432,108.0,1,4,0.037037037037037035,0.011274592705338518
2015,D11,Annual flowers under Larrea,3,bees,1.7544444444444445,23.46722222,8.333333333333334e-4,4.166666666666667e-4,210,105.0,1,2,0.01904761904761905,0.010856780964444044
2015,D11,Annual flowers under Larrea,3,flies,3.008888888888889,23.46722222,0.08944444444444444,0.04472222222222222,20,10.0,1,2,0.2,0.06646971935007386
2015,D11,Annual flowers under Larrea,3,other,3.508888888888889,23.46722222,0.018611111111111113,0.004652777777777778,420,105.0,1,4,0.0380952380952381,0.010856780964444044
2015,D11,Annual flowers under Larrea,4,bees,6.745555555555556,23.46722222,0.03833333333333333,0.006388888888888888,432,72.0,1,6,0.08333333333333333,0.01235381321034426
2015,D11,Annual flowers under Larrea,4,flies,3.122777777777778,23.46722222,0.010833333333333334,0.005416666666666667,16,8.0,1,2,0.25,0.08005692937199786
2015,D11,Annual flowers under Larrea,4,other,6.245555555555556,23.46722222,0.07222222222222222,0.018055555555555554,32,8.0,1,4,0.5,0.08005692937199786
2015,D11,Larrea flowers with annuals,1,bees,1.25,23.46722222,0.0,0.0,1000,200.0,1,5,0.025,0.02
2015,D11,Larrea flowers with annuals,1,flies,2.053611111111111,23.46722222,0.04111111111111111,0.013703703703703704,422,140.66666666666666,1,3,0.02132701421800948,0.010385127983881257
2015,D11,Larrea flowers with annuals,2,bees,1.5,23.46722222,0.0,0.0,1200,200.0,1,6,0.03,0.02
2015,D11,Larrea flowers with annuals,2,flies,3.2133333333333334,23.46722222,5.555555555555556e-4,1.388888888888889e-4,486,121.5,1,4,0.03292181069958848,0.010245376773730854
2015,D11,Larrea flowers with annuals,3,bees,2.3494444444444444,23.46722222,2.777777777777778e-4,5.555555555555556e-5,836,167.2,1,5,0.029904306220095697,0.012728245730946382
2015,D11,Larrea flowers with annuals,3,flies,5.897777777777778,23.46722222,0.0011111111111111111,1.8518518518518518e-4,544,90.66666666666667,1,6,0.0661764705882353,0.011220577153242609
2015,D11,Larrea flowers with annuals,3,none,0.25,23.46722222,0.0,0.0,200,200.0,1,1,0.005,0.02
2015,D11,Larrea flowers with annuals,4,bees,1.25,23.46722222,0.0,0.0,1000,200.0,1,5,0.025,0.02
2015,D11,Larrea flowers with annuals,4,flies,1.751111111111111,23.46722222,2.777777777777778e-4,9.259259259259259e-5,417,139.0,1,3,0.02158273381294964,0.01232516524851185
2015,D11,Larrea flowers without annuals,1,bees,0.5,22.69105556,0.0,0.0,400,200.0,1,2,0.01,0.02
2015,D11,Larrea flowers without annuals,1,none,2.040277777777778,22.69105556,0.0,0.0,427,142.33333333333334,1,3,0.02107728337236534,0.010330594981690295
2015,D11,Larrea flowers without annuals,2,bees,0.25,22.69105556,0.0,0.0,200,200.0,1,1,0.005,0.02
2015,D11,Larrea flowers without annuals,2,flies,0.5,22.69105556,0.0,0.0,400,200.0,1,2,0.01,0.02
2015,D11,Larrea flowers without annuals,2,none,0.5069444444444444,22.69105556,0.0,0.0,430,143.33333333333334,1,3,0.020930232558139535,0.04128703408728895
2015,D11,Larrea flowers without annuals,3,bees,0.5,22.69105556,0.0,0.0,400,200.0,1,2,0.01,0.02
2015,D11,Larrea flowers without annuals,3,none,0.2538888888888889,22.69105556,0.0,0.0,NA,NA,1,2,NA,NA
2015,D11,Larrea flowers without annuals,4,bees,0.25,22.69105556,0.0,0.0,200,200.0,1,1,0.005,0.02
2015,D11,Larrea flowers without annuals,4,none,0.16527777777777777,22.69105556,0.0,0.0,29,29.0,1,1,0.034482758620689655,0.20863517820921473
2015,D12,Annual flowers in open,1,bees,15.244166666666665,31.26088889,0.20972222222222223,0.019065656565656567,165,15.0,1,11,0.7333333333333333,0.04810583283223091
2015,D12,Annual flowers in open,1,none,0.5,31.26088889,0.0,0.0,400,200.0,1,2,0.01,0.02
2015,D12,Annual flowers in open,1,other,2.7716666666666665,31.26088889,0.006111111111111111,0.0030555555555555557,30,15.0,1,2,0.13333333333333333,0.04810583283223091
2015,D12,Annual flowers in open,2,bees,6.3933333333333335,31.26088889,0.28833333333333333,0.07208333333333333,80,20.0,1,4,0.2,0.03128258602711158
2015,D12,Annual flowers in open,2,flies,3.1966666666666668,31.26088889,0.0775,0.03875,40,20.0,1,2,0.1,0.03128258602711158
2015,D12,Annual flowers in open,2,none,0.25,31.26088889,0.0,0.0,200,200.0,1,1,0.005,0.02
2015,D12,Annual flowers in open,2,other,1.5983333333333334,31.26088889,0.0011111111111111111,0.0011111111111111111,20,20.0,1,1,0.05,0.03128258602711158
2015,D12,Annual flowers in open,3,bees,22.325,31.26088889,0.3169444444444445,0.01980902777777778,440,27.5,1,16,0.5818181818181818,0.026061284739896162
2015,D12,Annual flowers in open,3,flies,4.415,31.26088889,0.011666666666666667,0.0038888888888888888,48,16.0,1,3,0.1875,0.04246885617214043
2015,D12,Annual flowers in open,3,other,1.4716666666666667,31.26088889,0.0016666666666666668,0.0016666666666666668,16,16.0,1,1,0.0625,0.04246885617214043
2015,D12,Annual flowers in open,4,bees,20.84111111111111,31.26088889,0.3725,0.020694444444444442,1066,59.22222222222222,1,18,0.30393996247654786,0.01458367362738674
2015,D12,Annual flowers in open,4,flies,8.503333333333334,31.26088889,0.19583333333333333,0.03263888888888889,114,19.0,1,6,0.3157894736842105,0.037137139202376775
2015,D12,Annual flowers in open,4,none,0.25,31.26088889,0.0,0.0,200,200.0,1,1,0.005,0.02
2015,D12,Annual flowers in open,4,other,2.8344444444444443,31.26088889,0.0475,0.02375,38,19.0,1,2,0.10526315789473684,0.037137139202376775
2015,D12,Annual flowers under Larrea,1,bees,35.76166666666666,26.104,0.48583333333333334,0.017993827160493827,564,20.88888888888889,1,27,1.2925531914893618,0.036143538933383845
2015,D12,Annual flowers under Larrea,1,flies,15.024166666666666,26.104,1.2705555555555557,0.11550505050505051,154,14.0,1,11,0.7857142857142857,0.05229669659199861
2015,D12,Annual flowers under Larrea,2,bees,18.892222222222223,26.104,0.4116666666666667,0.025729166666666668,860,53.75,1,16,0.29767441860465116,0.015756453375532907
2015,D12,Annual flowers under Larrea,2,flies,11.164444444444445,26.104,0.8316666666666667,0.10395833333333333,160,20.0,1,8,0.4,0.035828025477707005
2015,D12,Annual flowers under Larrea,2,none,0.5,26.104,0.0,0.0,400,200.0,1,2,0.01,0.02
2015,D12,Annual flowers under Larrea,2,other,4.186666666666667,26.104,0.22916666666666669,0.0763888888888889,60,20.0,1,3,0.15,0.035828025477707
2015,D12,Annual flowers under Larrea,3,bees,27.445,26.104,0.15583333333333332,0.008657407407407407,306,17.0,1,18,1.0588235294117647,0.038579833463718884
2015,D12,Annual flowers under Larrea,3,flies,7.623611111111112,26.104,0.2383333333333333,0.04766666666666666,85,17.0,1,5,0.29411764705882354,0.03857983346371888
2015,D12,Annual flowers under Larrea,3,none,0.25,26.104,0.0,0.0,200,200.0,1,1,0.005,0.02
2015,D12,Annual flowers under Larrea,3,other,6.098888888888889,26.104,0.019444444444444445,0.004861111111111111,68,17.0,1,4,0.23529411764705882,0.03857983346371888
2015,D12,Annual flowers under Larrea,4,bees,4.724166666666666,26.104,0.09305555555555556,0.031018518518518518,75,25.0,1,3,0.12,0.025401305344858002
2015,D12,Annual flowers under Larrea,4,other,1.8247222222222221,26.104,0.0725,0.03625,225,112.5,1,2,0.017777777777777778,0.009742731009286042
2015,D12,Larrea flowers with annuals,1,bees,2.013611111111111,26.104,8.333333333333334e-4,2.777777777777778e-4,411,137.0,1,3,0.021897810218978103,0.010874895404651839
2015,D12,Larrea flowers with annuals,1,flies,0.5,26.104,0.0,0.0,400,200.0,1,2,0.01,0.02
2015,D12,Larrea flowers with annuals,2,bees,7.693055555555555,26.104,0.003611111111111111,4.5138888888888887e-4,760,95.0,1,8,0.08421052631578947,0.010946304197033477
2015,D12,Larrea flowers with annuals,2,other,4.1658333333333335,26.104,0.024166666666666666,0.008055555555555555,96,32.0,1,3,0.09375,0.022504500900180035
2015,D12,Larrea flowers with annuals,3,bees,0.5,26.104,0.0,0.0,400,200.0,1,2,0.01,0.02
2015,D12,Larrea flowers with annuals,3,flies,0.25,26.104,0.0,0.0,200,200.0,1,1,0.005,0.02
2015,D12,Larrea flowers with annuals,3,none,1.3927777777777777,26.104,0.0,0.0,46,46.0,1,1,0.021739130434782608,0.015608470196493298
2015,D12,Larrea flowers with annuals,4,none,1.8791666666666667,26.104,0.0,0.0,424,141.33333333333334,1,3,0.02122641509433962,0.011295653265280509
2015,D12,Larrea flowers without annuals,1,bees,0.25,25.40794444,0.0,0.0,200,200.0,1,1,0.005,0.02
2015,D12,Larrea flowers without annuals,1,flies,0.25,25.40794444,0.0,0.0,200,200.0,1,1,0.005,0.02
2015,D12,Larrea flowers without annuals,2,bees,0.25,25.40794444,0.0,0.0,200,200.0,1,1,0.005,0.02
2015,D12,Larrea flowers without annuals,2,flies,0.25,25.40794444,0.0,0.0,200,200.0,1,1,0.005,0.02
2015,D12,Larrea flowers without annuals,2,none,1.5408333333333333,25.40794444,0.0,0.0,15,15.0,1,1,0.06666666666666667,0.04326663061114116
2015,D12,Larrea flowers without annuals,3,bees,0.25,25.40794444,0.0,0.0,200,200.0,1,1,0.005,0.02
2015,D12,Larrea flowers without annuals,3,flies,1.0175,25.40794444,2.777777777777778e-4,2.777777777777778e-4,23,23.0,1,1,0.043478260869565216,0.0427304775130862
2015,D12,Larrea flowers without annuals,4,bees,0.25,25.40794444,0.0,0.0,200,200.0,1,1,0.005,0.02
2015,D5,Annual flowers in open,1,bees,36.34,29.45622222,0.3125,0.013020833333333334,720,30.0,1,24,0.8,0.022014309301045677
2015,D5,Annual flowers in open,1,flies,15.141666666666666,29.45622222,0.2677777777777778,0.026777777777777775,300,30.0,1,10,0.3333333333333333,0.02201430930104568
2015,D5,Annual flowers in open,1,none,0.25,29.45622222,0.0,0.0,200,200.0,1,1,0.005,0.02
2015,D5,Annual flowers in open,1,other,1.5141666666666667,29.45622222,2.777777777777778e-4,2.777777777777778e-4,30,30.0,1,1,0.03333333333333333,0.02201430930104568
2015,D5,Annual flowers in open,2,bees,3.2394444444444446,29.45622222,0.006666666666666667,0.0033333333333333335,52,26.0,1,2,0.07692307692307693,0.023745762041080167
2015,D5,Annual flowers in open,2,flies,9.718333333333334,29.45622222,0.08777777777777777,0.01462962962962963,156,26.0,1,6,0.23076923076923078,0.023745762041080167
2015,D5,Annual flowers in open,2,none,0.25,29.45622222,0.0,0.0,200,200.0,1,1,0.005,0.02
2015,D5,Annual flowers in open,3,bees,18.6125,29.45622222,0.09888888888888889,0.007063492063492063,408,29.142857142857142,1,14,0.4803921568627451,0.025810189757568575
2015,D5,Annual flowers in open,3,flies,9.887500000000001,29.45622222,0.024722222222222222,0.0035317460317460317,112,16.0,1,7,0.4375,0.04424778761061946
2015,D5,Annual flowers in open,4,bees,2.7488888888888887,29.45622222,0.028333333333333332,0.014166666666666666,20,10.0,1,2,0.2,0.07275666936135813
2015,D5,Annual flowers in open,4,flies,1.3744444444444444,29.45622222,0.003611111111111111,0.003611111111111111,10,10.0,1,1,0.1,0.07275666936135813
2015,D5,Annual flowers in open,4,none,0.25,29.45622222,0.0,0.0,200,200.0,1,1,0.005,0.02
2015,D5,Annual flowers under Larrea,1,bees,17.37666666666667,24.12911111,0.11361111111111111,0.009467592592592593,276,23.0,1,12,0.5217391304347826,0.030025271269985568
2015,D5,Annual flowers under Larrea,1,flies,4.344166666666667,24.12911111,0.03027777777777778,0.010092592592592594,69,23.0,1,3,0.13043478260869565,0.030025271269985568
2015,D5,Annual flowers under Larrea,1,none,0.25,24.12911111,0.0,0.0,200,200.0,1,1,0.005,0.02
2015,D5,Annual flowers under Larrea,1,other,1.4480555555555557,24.12911111,0.09305555555555556,0.09305555555555556,23,23.0,1,1,0.043478260869565216,0.030025271269985568
2015,D5,Annual flowers under Larrea,2,bees,11.29111111111111,24.12911111,0.11138888888888888,0.009282407407407408,1140,95.0,1,12,0.12631578947368421,0.011187188597354437
2015,D5,Annual flowers under Larrea,2,flies,1.4344444444444444,24.12911111,2.777777777777778e-4,2.777777777777778e-4,20,20.0,1,1,0.05,0.034856700232378
2015,D5,Annual flowers under Larrea,3,bees,37.20666666666666,24.12911111,0.6594444444444445,0.025363247863247864,664,25.53846153846154,1,26,1.0180722891566265,0.027362630957443825
2015,D5,Annual flowers under Larrea,3,flies,7.647222222222222,24.12911111,0.017222222222222222,0.0034444444444444444,55,11.0,1,5,0.45454545454545453,0.05943928937027375
2015,D5,Annual flowers under Larrea,3,other,1.5294444444444444,24.12911111,0.01638888888888889,0.01638888888888889,11,11.0,1,1,0.09090909090909091,0.059439289370273755
2015,D5,Annual flowers under Larrea,4,bees,6.406666666666666,24.12911111,0.034999999999999996,0.008749999999999999,28,7.0,1,4,0.5714285714285714,0.08919280511372082
2015,D5,Annual flowers under Larrea,4,flies,6.406666666666666,24.12911111,0.013333333333333332,0.003333333333333333,28,7.0,1,4,0.5714285714285714,0.08919280511372082
2015,D5,Annual flowers under Larrea,4,none,0.25,24.12911111,0.0,0.0,200,200.0,1,1,0.005,0.02
2015,D5,Larrea flowers with annuals,1,bees,0.75,24.12911111,0.0,0.0,600,200.0,1,3,0.015,0.02
2015,D5,Larrea flowers with annuals,1,none,1.563611111111111,24.12911111,0.0,0.0,15,15.0,1,1,0.06666666666666667,0.04263634748623201
2015,D5,Larrea flowers with annuals,2,bees,2.6661111111111113,24.12911111,0.005555555555555556,9.25925925925926e-4,1016,169.33333333333334,1,6,0.03543307086614173,0.013290170360294876
2015,D5,Larrea flowers with annuals,2,flies,0.25,24.12911111,0.0,0.0,200,200.0,1,1,0.005,0.02
2015,D5,Larrea flowers with annuals,2,other,1.416111111111111,24.12911111,2.777777777777778e-4,2.777777777777778e-4,16,16.0,1,1,0.0625,0.04413495488426834
2015,D5,Larrea flowers with annuals,3,bees,6.1866666666666665,24.12911111,8.333333333333333e-4,8.333333333333333e-5,1490,149.0,1,10,0.06711409395973154,0.010848183290904883
2015,D5,Larrea flowers with annuals,3,flies,2.957777777777778,24.12911111,5.555555555555556e-4,2.777777777777778e-4,60,30.0,1,2,0.06666666666666667,0.022539444027047332
2015,D5,Larrea flowers with annuals,3,none,0.25,24.12911111,0.0,0.0,200,200.0,1,1,0.005,0.02
2015,D5,Larrea flowers with annuals,3,other,2.957777777777778,24.12911111,0.004722222222222222,0.002361111111111111,60,30.0,1,2,0.06666666666666667,0.022539444027047332
2015,D5,Larrea flowers with annuals,4,bees,0.5,24.12911111,0.0,0.0,400,200.0,1,2,0.01,0.02
2015,D5,Larrea flowers with annuals,4,flies,0.5,24.12911111,0.0,0.0,400,200.0,1,2,0.01,0.02
2015,D5,Larrea flowers with annuals,4,other,1.2819444444444446,24.12911111,2.777777777777778e-4,2.777777777777778e-4,9,9.0,1,1,0.1111111111111111,0.08667388949079088
2015,D5,Larrea flowers without annuals,1,bees,0.25,29.52566667,0.0,0.0,200,200.0,1,1,0.005,0.02
2015,D5,Larrea flowers without annuals,1,flies,2.029166666666667,29.52566667,0.0030555555555555557,0.0010185185185185186,411,137.0,1,3,0.021897810218978103,0.010791528650009742
2015,D5,Larrea flowers without annuals,1,other,3.058333333333333,29.52566667,0.003888888888888889,0.0019444444444444446,22,11.0,1,2,0.18181818181818182,0.05945008669804311
2015,D5,Larrea flowers without annuals,2,bees,0.75,29.52566667,0.0,0.0,600,200.0,1,3,0.015,0.02
2015,D5,Larrea flowers without annuals,2,flies,0.25,29.52566667,0.0,0.0,200,200.0,1,1,0.005,0.02
2015,D5,Larrea flowers without annuals,2,none,0.25,29.52566667,0.0,0.0,200,200.0,1,1,0.005,0.02
2015,D5,Larrea flowers without annuals,3,bees,0.5,29.52566667,0.0,0.0,400,200.0,1,2,0.01,0.02
2015,D5,Larrea flowers without annuals,3,flies,1.7397222222222222,29.52566667,5.555555555555556e-4,1.388888888888889e-4,618,154.5,1,4,0.025889967637540454,0.01488166749084235
2015,D5,Larrea flowers without annuals,3,none,0.25,29.52566667,0.0,0.0,200,200.0,1,1,0.005,0.02
2015,D5,Larrea flowers without annuals,4,bees,0.5,29.52566667,0.0,0.0,400,200.0,1,2,0.01,0.02
2015,D5,Larrea flowers without annuals,4,flies,2.0594444444444444,29.52566667,2.777777777777778e-4,9.259259259259259e-5,416,138.66666666666666,1,3,0.021634615384615388,0.010505073561453386
2015,D6,Annual flowers in open,1,bees,13.038888888888888,33.97455556,0.06444444444444444,0.0064444444444444445,70,7.0,1,10,1.4285714285714286,0.10956235924280237
2015,D6,Annual flowers in open,1,flies,11.985,33.97455556,0.06888888888888889,0.006888888888888889,263,26.3,1,10,0.38022813688212925,0.03172533474193819
2015,D6,Annual flowers in open,1,none,0.25,33.97455556,0.0,0.0,200,200.0,1,1,0.005,0.02
2015,D6,Annual flowers in open,1,other,2.6077777777777778,33.97455556,0.02361111111111111,0.011805555555555555,14,7.0,1,2,0.2857142857142857,0.10956235924280236
2015,D6,Annual flowers in open,2,none,0.25,33.97455556,0.0,0.0,200,200.0,1,1,0.005,0.02
2015,D6,Annual flowers in open,3,bees,18.453611111111112,33.97455556,0.17194444444444446,0.012281746031746033,395,28.214285714285715,1,14,0.4962025316455696,0.026889183296314338
2015,D6,Annual flowers in open,3,flies,15.403055555555556,33.97455556,0.1786111111111111,0.016237373737373738,165,15.0,1,11,0.7333333333333333,0.047609601269589366
2015,D6,Annual flowers in open,3,none,0.25,33.97455556,0.0,0.0,200,200.0,1,1,0.005,0.02
2015,D6,Annual flowers in open,3,other,4.200833333333334,33.97455556,0.04388888888888889,0.01462962962962963,45,15.0,1,3,0.2,0.047609601269589366
2015,D6,Annual flowers in open,4,bees,50.05,33.97455556,0.9375,0.026041666666666668,288,8.0,1,36,4.5,0.08991008991008992
2015,D6,Annual flowers in open,4,flies,36.14722222222222,33.97455556,0.4683333333333333,0.01801282051282051,208,8.0,1,26,3.25,0.08991008991008992
2015,D6,Annual flowers in open,4,none,0.25,33.97455556,0.0,0.0,200,200.0,1,1,0.005,0.02
2015,D6,Annual flowers in open,4,other,4.170833333333333,33.97455556,0.03972222222222222,0.01324074074074074,24,8.0,1,3,0.375,0.0899100899100899
2015,D6,Annual flowers under Larrea,1,bees,19.35,25.78122222,0.16833333333333333,0.008859649122807017,696,36.63157894736842,1,19,0.5186781609195403,0.026805072915738515
2015,D6,Annual flowers under Larrea,1,flies,8.387500000000001,25.78122222,0.020555555555555556,0.0025694444444444445,242,30.25,1,8,0.2644628099173554,0.031530588365705554
2015,D6,Annual flowers under Larrea,1,none,0.25,25.78122222,0.0,0.0,200,200.0,1,1,0.005,0.02
2015,D6,Annual flowers under Larrea,2,bees,6.772222222222222,25.78122222,0.07333333333333333,0.014666666666666666,25,5.0,1,5,1.0,0.14766201804757997
2015,D6,Annual flowers under Larrea,2,flies,2.9588888888888887,25.78122222,0.0077777777777777776,0.0025925925925925925,210,70.0,1,3,0.04285714285714286,0.014484201491336304
2015,D6,Annual flowers under Larrea,2,other,2.7088888888888887,25.78122222,1.1655555555555555,0.5827777777777777,10,5.0,1,2,0.4,0.14766201804758
2015,D6,Annual flowers under Larrea,3,bees,6.11,25.78122222,0.022222222222222223,0.0044444444444444444,216,43.2,1,5,0.11574074074074073,0.01894283809177426
2015,D6,Annual flowers under Larrea,3,flies,7.325,25.78122222,0.08388888888888889,0.016777777777777777,20,4.0,1,5,1.25,0.1706484641638225
2015,D6,Annual flowers under Larrea,3,other,2.93,25.78122222,0.1363888888888889,0.06819444444444445,8,4.0,1,2,0.5,0.1706484641638225
2015,D6,Annual flowers under Larrea,4,bees,4.450833333333334,25.78122222,0.0661111111111111,0.022037037037037036,15,5.0,1,3,0.6,0.1348062160644074
2015,D6,Annual flowers under Larrea,4,flies,2.9672222222222224,25.78122222,5.555555555555556e-4,2.777777777777778e-4,10,5.0,1,2,0.4,0.1348062160644074
2015,D6,Annual flowers under Larrea,4,other,0.25,25.78122222,0.0,0.0,200,200.0,1,1,0.005,0.02
2015,D6,Larrea flowers with annuals,1,bees,1.25,25.78122222,0.0,0.0,1000,200.0,1,5,0.025,0.02
2015,D6,Larrea flowers with annuals,2,bees,0.5,25.78122222,0.0,0.0,400,200.0,1,2,0.01,0.02
2015,D6,Larrea flowers with annuals,2,flies,0.5,25.78122222,0.0,0.0,400,200.0,1,2,0.01,0.02
2015,D6,Larrea flowers with annuals,2,none,0.25,25.78122222,0.0,0.0,200,200.0,1,1,0.005,0.02
2015,D6,Larrea flowers with annuals,3,bees,0.5,25.78122222,0.0,0.0,400,200.0,1,2,0.01,0.02
2015,D6,Larrea flowers with annuals,4,other,0.25,25.78122222,0.0,0.0,200,200.0,1,1,0.005,0.02
2015,D6,Larrea flowers without annuals,1,bees,0.5,25.708,0.0,0.0,400,200.0,1,2,0.01,0.02
2015,D6,Larrea flowers without annuals,1,flies,0.25,25.708,0.0,0.0,200,200.0,1,1,0.005,0.02
2015,D6,Larrea flowers without annuals,1,none,0.25,25.708,0.0,0.0,200,200.0,1,1,0.005,0.02
2015,D6,Larrea flowers without annuals,2,bees,0.25,25.708,0.0,0.0,200,200.0,1,1,0.005,0.02
2015,D6,Larrea flowers without annuals,2,none,0.25,25.708,0.0,0.0,200,200.0,1,1,0.005,0.02
2015,D6,Larrea flowers without annuals,3,bees,0.75,25.708,0.0,0.0,600,200.0,1,3,0.015,0.02
2015,D6,Larrea flowers without annuals,3,flies,0.25,25.708,0.0,0.0,200,200.0,1,1,0.005,0.02
2015,D6,Larrea flowers without annuals,4,none,0.25,25.708,0.0,0.0,200,200.0,1,1,0.005,0.02
2015,D7,Annual flowers in open,1,bees,4.3,32.18266667,0.03277777777777778,0.010925925925925926,18,6.0,1,3,0.5,0.11627906976744186
2015,D7,Annual flowers in open,1,flies,6.233333333333333,32.18266667,0.019722222222222224,0.003287037037037037,424,70.66666666666667,1,6,0.08490566037735849,0.013621228937544142
2015,D7,Annual flowers in open,1,none,0.25,32.18266667,0.0,0.0,200,200.0,1,1,0.005,0.02
2015,D7,Annual flowers in open,1,other,4.3,32.18266667,0.032777777777777774,0.010925925925925926,18,6.0,1,3,0.5,0.11627906976744186
2015,D7,Annual flowers in open,2,bees,29.04,32.18266667,0.19666666666666666,0.009833333333333333,580,29.0,1,20,0.6896551724137931,0.02374845635033723
2015,D7,Annual flowers in open,2,flies,1.5855555555555556,32.18266667,0.008055555555555555,0.008055555555555555,10,10.0,1,1,0.1,0.06306937631394534
2015,D7,Annual flowers in open,3,bees,3.225,32.18266667,0.006111111111111111,0.0020370370370370373,228,76.0,1,3,0.039473684210526314,0.012239902080783353
2015,D7,Annual flowers in open,3,flies,16.3625,32.18266667,1.5002777777777778,0.1363888888888889,154,14.0,1,11,0.7857142857142857,0.048019207683073224
2015,D7,Annual flowers in open,3,other,2.975,32.18266667,0.008888888888888889,0.0044444444444444444,28,14.0,1,2,0.14285714285714285,0.048019207683073224
2015,D7,Annual flowers in open,4,bees,17.206944444444446,32.18266667,0.30666666666666664,0.02358974358974359,130,10.0,1,13,1.3,0.07555089192025183
2015,D7,Annual flowers in open,4,flies,9.765277777777778,32.18266667,0.09666666666666666,0.01074074074074074,470,52.22222222222222,1,9,0.1723404255319149,0.01764828706911943
2015,D7,Annual flowers in open,4,other,1.323611111111111,32.18266667,0.03611111111111111,0.03611111111111111,10,10.0,1,1,0.1,0.07555089192025184
2015,D7,Annual flowers under Larrea,1,bees,12.7325,24.97211111,0.16027777777777777,0.017808641975308643,63,7.0,1,9,1.2857142857142858,0.10097893467223922
2015,D7,Annual flowers under Larrea,1,flies,4.244166666666667,24.97211111,0.0075,0.0025,21,7.0,1,3,0.42857142857142855,0.1009789346722392
2015,D7,Annual flowers under Larrea,1,none,0.25,24.97211111,0.0,0.0,200,200.0,1,1,0.005,0.02
2015,D7,Annual flowers under Larrea,2,bees,1.0,24.97211111,0.0,0.0,800,200.0,1,4,0.02,0.02
2015,D7,Annual flowers under Larrea,2,none,0.25,24.97211111,0.0,0.0,200,200.0,1,1,0.005,0.02
2015,D7,Annual flowers under Larrea,3,bees,9.49,24.97211111,0.056666666666666664,0.008095238095238095,254,36.285714285714285,1,7,0.19291338582677167,0.02032807016088216
2015,D7,Annual flowers under Larrea,3,other,1.54,24.97211111,1.3772222222222221,1.3772222222222221,9,9.0,1,1,0.1111111111111111,0.07215007215007214
2015,D7,Annual flowers under Larrea,4,bees,4.988333333333333,24.97211111,0.008611111111111111,0.0021527777777777778,224,56.0,1,4,0.07142857142857142,0.014319125578731325
2015,D7,Annual flowers under Larrea,4,none,0.25,24.97211111,0.0,0.0,200,200.0,1,1,0.005,0.02
2015,D7,Larrea flowers with annuals,1,bees,1.0,24.97211111,0.0,0.0,800,200.0,1,4,0.02,0.02
2015,D7,Larrea flowers with annuals,1,flies,0.25,24.97211111,0.0,0.0,200,200.0,1,1,0.005,0.02
2015,D7,Larrea flowers with annuals,1,none,0.25,24.97211111,0.0,0.0,200,200.0,1,1,0.005,0.02
2015,D7,Larrea flowers with annuals,2,bees,0.75,24.97211111,0.0,0.0,600,200.0,1,3,0.015,0.02
2015,D7,Larrea flowers with annuals,2,flies,0.5,24.97211111,0.0,0.0,400,200.0,1,2,0.01,0.02
2015,D7,Larrea flowers with annuals,3,bees,0.75,24.97211111,0.0,0.0,600,200.0,1,3,0.015,0.02
2015,D7,Larrea flowers with annuals,3,flies,0.25,24.97211111,0.0,0.0,200,200.0,1,1,0.005,0.02
2015,D7,Larrea flowers with annuals,3,none,0.25,24.97211111,0.0,0.0,200,200.0,1,1,0.005,0.02
2015,D7,Larrea flowers with annuals,4,bees,0.25,24.97211111,0.0,0.0,200,200.0,1,1,0.005,0.02
2015,D7,Larrea flowers with annuals,4,flies,0.75,24.97211111,0.0,0.0,600,200.0,1,3,0.015,0.02
2015,D7,Larrea flowers with annuals,4,none,1.3097222222222222,24.97211111,0.0,0.0,9,9.0,1,1,0.1111111111111111,0.0848356309650053
2015,D7,Larrea flowers without annuals,1,bees,4.546666666666667,25.25688889,0.020277777777777777,0.006759259259259259,45,15.0,1,3,0.2,0.04398826979472141
2015,D7,Larrea flowers without annuals,1,flies,3.531111111111111,25.25688889,8.333333333333333e-4,2.0833333333333332e-4,430,107.5,1,4,0.037209302325581395,0.010537562017943126
2015,D7,Larrea flowers without annuals,2,bees,0.5,25.25688889,0.0,0.0,400,200.0,1,2,0.01,0.02
2015,D7,Larrea flowers without annuals,2,flies,0.25,25.25688889,0.0,0.0,200,200.0,1,1,0.005,0.02
2015,D7,Larrea flowers without annuals,3,bees,6.138333333333334,25.25688889,0.005,7.142857142857143e-4,266,38.0,1,7,0.18421052631578946,0.03000986038269717
2015,D7,Larrea flowers without annuals,3,flies,0.9813888888888889,25.25688889,0.006388888888888889,0.006388888888888889,11,11.0,1,1,0.09090909090909091,0.09263309574659702
2015,D7,Larrea flowers without annuals,3,none,0.25,25.25688889,0.0,0.0,200,200.0,1,1,0.005,0.02
2015,D7,Larrea flowers without annuals,3,other,0.9813888888888889,25.25688889,0.15888888888888889,0.15888888888888889,11,11.0,1,1,0.09090909090909091,0.09263309574659702
2015,D7,Larrea flowers without annuals,4,bees,8.209722222222222,25.25688889,0.07611111111111112,0.012685185185185185,230,38.333333333333336,1,6,0.15652173913043477,0.019065412311607688
2015,D7,Larrea flowers without annuals,4,flies,0.25,25.25688889,0.0,0.0,200,200.0,1,1,0.005,0.02
2015,D8,Annual flowers in open,1,bees,18.790277777777778,29.13044444,0.14472222222222222,0.009648148148148149,491,32.733333333333334,1,15,0.45824847250509165,0.024387530505112425
2015,D8,Annual flowers in open,1,flies,1.4069444444444446,29.13044444,0.0030555555555555557,0.0030555555555555557,7,7.0,1,1,0.14285714285714285,0.1015371597800028
2015,D8,Annual flowers in open,1,none,0.75,29.13044444,0.0,0.0,600,200.0,1,3,0.015,0.02
2015,D8,Annual flowers in open,1,other,4.220833333333333,29.13044444,0.04833333333333333,0.01611111111111111,21,7.0,1,3,0.42857142857142855,0.10153715978000281
2015,D8,Annual flowers in open,2,bees,34.92805555555556,29.13044444,0.23805555555555555,0.01035024154589372,322,14.0,1,23,1.6428571428571428,0.047035459510308596
2015,D8,Annual flowers in open,2,flies,12.148888888888889,29.13044444,0.265,0.033125,112,14.0,1,8,0.5714285714285714,0.0470354595103086
2015,D8,Annual flowers in open,2,none,0.25,29.13044444,0.0,0.0,200,200.0,1,1,0.005,0.02
2015,D8,Annual flowers in open,2,other,4.555833333333333,29.13044444,0.010555555555555556,0.0035185185185185185,42,14.0,1,3,0.21428571428571427,0.0470354595103086
2015,D8,Annual flowers in open,3,bees,6.527777777777778,29.13044444,0.08833333333333333,0.012619047619047618,640,91.42857142857143,1,7,0.07656249999999999,0.011728723404255318
2015,D8,Annual flowers in open,3,flies,2.888888888888889,29.13044444,0.01638888888888889,0.008194444444444445,20,10.0,1,2,0.2,0.06923076923076923
2015,D8,Annual flowers in open,3,other,2.888888888888889,29.13044444,0.005555555555555555,0.0027777777777777775,20,10.0,1,2,0.2,0.06923076923076923
2015,D8,Annual flowers in open,4,bees,2.2344444444444442,29.13044444,0.029444444444444447,0.014722222222222223,20,10.0,1,2,0.2,0.08950770760815516
2015,D8,Annual flowers in open,4,flies,0.25,29.13044444,0.0,0.0,200,200.0,1,1,0.005,0.02
2015,D8,Annual flowers in open,4,other,1.3672222222222221,29.13044444,0.021944444444444444,0.010972222222222222,210,105.0,1,2,0.01904761904761905,0.013931618970221167
2015,D8,Annual flowers under Larrea,1,bees,19.865555555555556,22.19288889,0.3661111111111111,0.02440740740740741,396,26.4,1,15,0.5681818181818182,0.028601355577137222
2015,D8,Annual flowers under Larrea,1,flies,1.4011111111111112,22.19288889,0.0019444444444444444,0.0019444444444444444,14,14.0,1,1,0.07142857142857142,0.050979947887164374
2015,D8,Annual flowers under Larrea,1,other,4.203333333333333,22.19288889,0.1325,0.04416666666666667,42,14.0,1,3,0.21428571428571427,0.05097994788716438
2015,D8,Annual flowers under Larrea,2,bees,14.163888888888888,22.19288889,0.13194444444444445,0.011994949494949496,300,27.272727272727273,1,11,0.4033333333333333,0.028476171798391844
2015,D8,Annual flowers under Larrea,2,flies,4.174166666666666,22.19288889,0.0077777777777777776,0.0025925925925925925,30,10.0,1,3,0.3,0.07187063286085048
2015,D8,Annual flowers under Larrea,2,other,1.3913888888888888,22.19288889,0.0016666666666666668,0.0016666666666666668,10,10.0,1,1,0.1,0.07187063286085048
2015,D8,Annual flowers under Larrea,3,bees,25.247777777777777,22.19288889,1.6555555555555557,0.0871345029239766,728,38.31578947368421,1,19,0.49587912087912084,0.019640505601866337
2015,D8,Annual flowers under Larrea,3,other,1.531111111111111,22.19288889,1.0491666666666666,1.0491666666666666,8,8.0,1,1,0.125,0.0816400580551524
2015,D8,Annual flowers under Larrea,4,bees,9.718333333333334,22.19288889,0.06111111111111111,0.00873015873015873,254,36.285714285714285,1,7,0.19291338582677167,0.019850459868986967
2015,D8,Annual flowers under Larrea,4,flies,0.25,22.19288889,0.0,0.0,200,200.0,1,1,0.005,0.02
2015,D8,Annual flowers under Larrea,4,other,4.734166666666667,22.19288889,0.29444444444444445,0.09814814814814815,27,9.0,1,3,0.3333333333333333,0.07041013906002463
2015,D8,Larrea flowers with annuals,1,bees,1.0,22.19288889,0.0,0.0,800,200.0,1,4,0.02,0.02
2015,D8,Larrea flowers with annuals,1,other,1.4141666666666666,22.19288889,0.0,0.0,16,16.0,1,1,0.0625,0.0441956393635828
2015,D8,Larrea flowers with annuals,2,bees,3.8827777777777777,22.19288889,0.0016666666666666668,2.777777777777778e-4,848,141.33333333333334,1,6,0.04245283018867924,0.010933623456806789
2015,D8,Larrea flowers with annuals,2,flies,0.25,22.19288889,0.0,0.0,200,200.0,1,1,0.005,0.02
2015,D8,Larrea flowers with annuals,2,none,0.25,22.19288889,0.0,0.0,200,200.0,1,1,0.005,0.02
2015,D8,Larrea flowers with annuals,3,bees,3.078333333333333,22.19288889,0.03222222222222222,0.010740740740740742,264,88.0,1,3,0.03409090909090909,0.011074469655953142
2015,D8,Larrea flowers with annuals,3,flies,0.25,22.19288889,0.0,0.0,200,200.0,1,1,0.005,0.02
2015,D8,Larrea flowers with annuals,4,bees,0.5,22.19288889,0.0,0.0,400,200.0,1,2,0.01,0.02
2015,D8,Larrea flowers with annuals,4,none,0.5,22.19288889,0.0,0.0,400,200.0,1,2,0.01,0.02
2015,D8,Larrea flowers with annuals,4,other,1.1677777777777778,22.19288889,0.01,0.01,22,22.0,1,1,0.045454545454545456,0.03892396851483436
2015,D8,Larrea flowers without annuals,1,bees,4.5633333333333335,21.52638889,0.007500000000000001,0.0025,102,34.0,1,3,0.08823529411764706,0.019335710909637777
2015,D8,Larrea flowers without annuals,1,flies,0.5,21.52638889,0.0,0.0,400,200.0,1,2,0.01,0.02
2015,D8,Larrea flowers without annuals,2,bees,7.859722222222222,21.52638889,0.0044444444444444444,8.888888888888889e-4,75,15.0,1,5,0.3333333333333333,0.042410319844495496
2015,D8,Larrea flowers without annuals,2,flies,4.646944444444444,21.52638889,0.0044444444444444444,0.0014814814814814814,54,18.0,1,3,0.16666666666666666,0.0358658616773268
2015,D8,Larrea flowers without annuals,2,none,0.25,21.52638889,0.0,0.0,200,200.0,1,1,0.005,0.02
2015,D8,Larrea flowers without annuals,3,flies,0.5,21.52638889,0.0,0.0,400,200.0,1,2,0.01,0.02
2015,D8,Larrea flowers without annuals,4,bees,1.7530555555555556,21.52638889,0.011111111111111112,0.005555555555555556,224,112.0,1,2,0.017857142857142856,0.01018629603639903
2015,D8,Larrea flowers without annuals,4,other,1.5030555555555556,21.52638889,0.002777777777777778,0.002777777777777778,24,24.0,1,1,0.041666666666666664,0.02772130844575864
2015,D9,Annual flowers in open,1,bees,7.590277777777779,27.22022222,0.09388888888888888,0.013412698412698413,470,67.14285714285714,1,7,0.10425531914893618,0.013735375990344747
2015,D9,Annual flowers in open,1,flies,3.3361111111111112,27.22022222,0.09805555555555556,0.02451388888888889,428,107.0,1,4,0.037383177570093455,0.011205615258312776
2015,D9,Annual flowers in open,2,bees,19.848333333333336,27.22022222,0.6730555555555555,0.03959150326797386,782,46.0,1,17,0.3695652173913043,0.018619458429320897
2015,D9,Annual flowers in open,2,flies,1.6141666666666667,27.22022222,2.777777777777778e-4,1.388888888888889e-4,213,106.5,1,2,0.018779342723004695,0.011634079126280658
2015,D9,Annual flowers in open,2,other,1.3641666666666667,27.22022222,0.0030555555555555557,0.0030555555555555557,13,13.0,1,1,0.07692307692307693,0.056388327616183447
2015,D9,Annual flowers in open,3,bees,5.984444444444445,27.22022222,0.08388888888888889,0.01677777777777778,248,49.6,1,5,0.10080645161290322,0.016844746834684905
2015,D9,Annual flowers in open,3,flies,0.25,27.22022222,0.0,0.0,200,200.0,1,1,0.005,0.02
2015,D9,Annual flowers in open,4,bees,3.279166666666667,27.22022222,0.03083333333333333,0.007708333333333333,242,60.5,1,4,0.06611570247933884,0.020162348913648438
2015,D9,Annual flowers in open,4,flies,1.5097222222222222,27.22022222,0.008611111111111111,0.0028703703703703703,414,138.0,1,3,0.021739130434782608,0.014399424023039079
2015,D9,Annual flowers in open,4,none,0.75,27.22022222,0.0,0.0,600,200.0,1,3,0.015,0.02
2015,D9,Annual flowers under Larrea,1,bees,5.513333333333334,20.02677778,0.07138888888888889,0.014277777777777778,240,48.0,1,5,0.10416666666666667,0.018893591293833133
2015,D9,Annual flowers under Larrea,1,other,1.3158333333333334,20.02677778,2.777777777777778e-4,2.777777777777778e-4,10,10.0,1,1,0.1,0.0759974667511083
2015,D9,Annual flowers under Larrea,2,bees,7.3180555555555555,20.02677778,0.10722222222222222,0.015317460317460316,505,72.14285714285714,1,7,0.09702970297029703,0.013258945936347289
2015,D9,Annual flowers under Larrea,2,none,0.25,20.02677778,0.0,0.0,200,200.0,1,1,0.005,0.02
2015,D9,Annual flowers under Larrea,2,other,1.363611111111111,20.02677778,5.555555555555556e-4,5.555555555555556e-4,21,21.0,1,1,0.047619047619047616,0.034921281611035124
2015,D9,Annual flowers under Larrea,3,bees,4.946666666666667,20.02677778,0.04444444444444444,0.008888888888888889,460,92.0,1,5,0.05434782608695652,0.010986757295206843
2015,D9,Annual flowers under Larrea,3,none,0.25,20.02677778,0.0,0.0,200,200.0,1,1,0.005,0.02
2015,D9,Annual flowers under Larrea,4,bees,3.5816666666666666,20.02677778,0.005833333333333334,0.0014583333333333334,436,109.0,1,4,0.03669724770642202,0.010245857898489164
2015,D9,Annual flowers under Larrea,4,other,1.7908333333333333,20.02677778,1.3658333333333332,0.6829166666666666,218,109.0,1,2,0.01834862385321101,0.010245857898489164
2015,D9,Larrea flowers with annuals,1,bees,0.25,20.02677778,0.0,0.0,200,200.0,1,1,0.005,0.02
2015,D9,Larrea flowers with annuals,1,other,1.4808333333333332,20.02677778,0.0,0.0,25,25.0,1,1,0.04,0.02701181767023073
2015,D9,Larrea flowers with annuals,2,bees,1.9055555555555554,20.02677778,0.015,0.005,433,144.33333333333334,1,3,0.020785219399538105,0.01090769531171096
2015,D9,Larrea flowers with annuals,2,none,0.75,20.02677778,0.0,0.0,600,200.0,1,3,0.015,0.02
2015,D9,Larrea flowers with annuals,3,bees,1.5933333333333333,20.02677778,2.777777777777778e-4,3.968253968253968e-5,1219,174.14285714285714,1,7,0.04019688269073011,0.025228169052759482
2015,D9,Larrea flowers with annuals,4,bees,0.75,20.02677778,0.0,0.0,600,200.0,1,3,0.015,0.02
2015,D9,Larrea flowers with annuals,4,none,0.9461111111111111,20.02677778,0.0,0.0,26,26.0,1,1,0.038461538461538464,0.04065224264871946
2015,D9,Larrea flowers without annuals,1,bees,1.9908333333333332,19.62177778,2.777777777777778e-4,9.259259259259259e-5,429,143.0,1,3,0.02097902097902098,0.010537808779751016
2015,D9,Larrea flowers without annuals,1,none,0.25,19.62177778,0.0,0.0,200,200.0,1,1,0.005,0.02
2015,D9,Larrea flowers without annuals,2,bees,1.8411111111111111,19.62177778,0.001388888888888889,6.944444444444445e-4,235,117.5,1,2,0.01702127659574468,0.009245111005534226
2015,D9,Larrea flowers without annuals,2,flies,0.25,19.62177778,0.0,0.0,200,200.0,1,1,0.005,0.02
2015,D9,Larrea flowers without annuals,3,bees,0.5,19.62177778,0.0,0.0,400,200.0,1,2,0.01,0.02
2015,D9,Larrea flowers without annuals,3,none,0.49583333333333335,19.62177778,0.0,0.0,13,13.0,1,1,0.07692307692307693,0.15513897866839044
2015,D9,Larrea flowers without annuals,4,bees,1.7655555555555555,19.62177778,2.777777777777778e-4,1.388888888888889e-4,222,111.0,1,2,0.018018018018018018,0.010205296548908884
2015,D9,Larrea flowers without annuals,4,none,0.25,19.62177778,0.0,0.0,200,200.0,1,1,0.005,0.02
2016,D10,Annual flowers in open,1,bees,23.075555555555557,19.75293333,0.15888888888888889,0.009930555555555555,288,18.0,1,16,0.8888888888888888,0.03852080123266564
2016,D10,Annual flowers in open,1,flies,1.4422222222222223,19.75293333,0.0044444444444444444,0.0044444444444444444,18,18.0,1,1,0.05555555555555555,0.03852080123266564
2016,D10,Annual flowers in open,2,bees,16.47861111111111,19.75293333,0.09138888888888888,0.008308080808080808,231,21.0,1,11,0.5238095238095238,0.0317872374241742
2016,D10,Annual flowers in open,2,flies,17.976666666666667,19.75293333,0.20750000000000002,0.017291666666666667,252,21.0,1,12,0.5714285714285714,0.03178723742417419
2016,D10,Annual flowers in open,2,other,1.4980555555555555,19.75293333,0.0033333333333333335,0.0033333333333333335,21,21.0,1,1,0.047619047619047616,0.03178723742417419
2016,D10,Annual flowers in open,3,bees,34.92166666666667,19.75293333,0.8130555555555555,0.03535024154589372,253,11.0,1,23,2.090909090909091,0.05987426404550444
2016,D10,Annual flowers in open,3,flies,3.0366666666666666,19.75293333,0.016666666666666666,0.008333333333333333,22,11.0,1,2,0.18181818181818182,0.059874264045504444
2016,D10,Annual flowers in open,3,other,3.0366666666666666,19.75293333,0.009722222222222222,0.004861111111111111,22,11.0,1,2,0.18181818181818182,0.059874264045504444
2016,D10,Annual flowers in open,4,bees,9.842777777777778,19.75293333,0.2475,0.03535714285714286,84,12.0,1,7,0.5833333333333334,0.05926511260371395
2016,D10,Annual flowers in open,4,flies,2.812222222222222,19.75293333,0.017777777777777778,0.008888888888888889,24,12.0,1,2,0.16666666666666666,0.05926511260371394
2016,D10,Annual flowers under Ambrosia,1,bees,27.71361111111111,17.3532,0.09083333333333334,0.004780701754385965,228,12.0,1,19,1.5833333333333333,0.05713197486193106
2016,D10,Annual flowers under Ambrosia,1,flies,5.834444444444444,17.3532,0.01,0.0025,48,12.0,1,4,0.3333333333333333,0.057131974861931056
2016,D10,Annual flowers under Ambrosia,1,other,1.458611111111111,17.3532,0.0030555555555555557,0.0030555555555555557,12,12.0,1,1,0.08333333333333333,0.057131974861931056
2016,D10,Annual flowers under Ambrosia,2,bees,21.0,17.3532,0.5475,0.039107142857142854,210,15.0,1,14,0.9333333333333333,0.044444444444444446
2016,D10,Annual flowers under Ambrosia,2,flies,4.5,17.3532,0.025833333333333333,0.008611111111111111,45,15.0,1,3,0.2,0.044444444444444446
2016,D10,Annual flowers under Ambrosia,3,bees,36.553333333333335,17.3532,0.13611111111111113,0.005671296296296297,288,12.0,1,24,2.0,0.054714572314426405
2016,D10,Annual flowers under Ambrosia,4,bees,1.3,17.3532,0.01138888888888889,0.005694444444444445,34,17.0,1,2,0.11764705882352941,0.09049773755656108
2016,D10,Annual flowers under Larrea,2,bees,56.324444444444445,17.27066667,0.4052777777777778,0.010665204678362574,912,24.0,1,38,1.5833333333333333,0.02811094452773613
2016,D10,Annual flowers under Larrea,2,flies,4.446666666666667,17.27066667,0.09472222222222222,0.031574074074074074,72,24.0,1,3,0.125,0.028110944527736128
2016,D10,Annual flowers under Larrea,2,other,1.4822222222222223,17.27066667,0.009722222222222222,0.009722222222222222,24,24.0,1,1,0.041666666666666664,0.028110944527736128
2016,D10,Annual flowers under Larrea,3,bees,49.895,17.27066667,0.1825,0.00536764705882353,680,20.0,1,34,1.7,0.034071550255536626
2016,D10,Annual flowers under Larrea,3,flies,1.4675,17.27066667,0.001388888888888889,0.001388888888888889,20,20.0,1,1,0.05,0.034071550255536626
2016,D10,Annual flowers under Larrea,4,bees,21.7125,17.27066667,0.26166666666666666,0.017444444444444443,180,12.0,1,15,1.25,0.05757052389176742
2016,D10,Larrea flowers with annuals,1,bees,0.25,17.27066667,2.777777777777778e-4,2.777777777777778e-4,200,200.0,1,1,0.005,0.02
2016,D10,Larrea flowers with annuals,1,flies,0.25,17.27066667,2.777777777777778e-4,2.777777777777778e-4,200,200.0,1,1,0.005,0.02
2016,D10,Larrea flowers with annuals,1,other,0.25,17.27066667,5.555555555555556e-4,5.555555555555556e-4,200,200.0,1,1,0.005,0.02
2016,D10,Larrea flowers with annuals,2,bees,0.25,17.27066667,0.0038888888888888888,0.0038888888888888888,200,200.0,1,1,0.005,0.02
2016,D10,Larrea flowers with annuals,2,flies,0.25,17.27066667,0.002777777777777778,0.002777777777777778,200,200.0,1,1,0.005,0.02
2016,D10,Larrea flowers with annuals,3,bees,0.25,17.27066667,2.777777777777778e-4,2.777777777777778e-4,200,200.0,1,1,0.005,0.02
2016,D10,Larrea flowers with annuals,4,none,0.25,17.27066667,0.0,0.0,200,200.0,1,1,0.005,0.02
2016,D10,Larrea flowers without annuals,1,bees,0.5,11.4484,0.03111111111111111,0.015555555555555555,400,200.0,1,2,0.01,0.02
2016,D10,Larrea flowers without annuals,2,bees,0.25,11.4484,0.05583333333333333,0.05583333333333333,200,200.0,1,1,0.005,0.02
2016,D10,Larrea flowers without annuals,2,flies,0.5,11.4484,0.05611111111111111,0.028055555555555556,400,200.0,1,2,0.01,0.02
2016,D10,Larrea flowers without annuals,3,none,0.25,11.4484,0.0,0.0,200,200.0,1,1,0.005,0.02
2016,D10,Larrea flowers without annuals,4,none,0.25,11.4484,0.0,0.0,200,200.0,1,1,0.005,0.02
2016,D11,Annual flowers in open,1,bees,16.430555555555554,29.84913333,0.14305555555555555,0.011004273504273505,247,19.0,1,13,0.6842105263157895,0.04164256795835744
2016,D11,Annual flowers in open,1,flies,11.375,29.84913333,0.065,0.007222222222222222,171,19.0,1,9,0.47368421052631576,0.041642567958357427
2016,D11,Annual flowers in open,1,other,1.2638888888888888,29.84913333,0.006388888888888889,0.006388888888888889,19,19.0,1,1,0.05263157894736842,0.041642567958357433
2016,D11,Annual flowers in open,2,bees,6.584999999999999,29.84913333,0.09277777777777778,0.015462962962962963,96,16.0,1,6,0.375,0.056947608200455586
2016,D11,Annual flowers in open,2,flies,1.0975,29.84913333,2.777777777777778e-4,2.777777777777778e-4,16,16.0,1,1,0.0625,0.056947608200455586
2016,D11,Annual flowers in open,3,bees,15.494722222222222,29.84913333,0.1661111111111111,0.015101010101010101,88,8.0,1,11,1.375,0.08873989351212778
2016,D11,Annual flowers in open,3,other,1.408611111111111,29.84913333,0.011666666666666667,0.011666666666666667,8,8.0,1,1,0.125,0.08873989351212778
2016,D11,Annual flowers in open,4,bees,12.4525,29.84913333,0.09472222222222222,0.01052469135802469,144,16.0,1,9,0.5625,0.0451716522786589
2016,D11,Annual flowers under Ambrosia,1,flies,1.5044444444444445,25.1834,0.021944444444444444,0.021944444444444444,8,8.0,1,1,0.125,0.08308714918759232
2016,D11,Annual flowers under Ambrosia,1,other,1.5044444444444445,25.1834,0.004722222222222222,0.004722222222222222,8,8.0,1,1,0.125,0.08308714918759232
2016,D11,Annual flowers under Ambrosia,2,bees,1.5441666666666667,25.1834,0.035277777777777776,0.035277777777777776,13,13.0,1,1,0.07692307692307693,0.0498152683797584
2016,D11,Annual flowers under Ambrosia,3,bees,9.265,25.1834,0.028055555555555556,0.004675925925925926,120,20.0,1,6,0.3,0.032379924446842956
2016,D11,Annual flowers under Ambrosia,3,flies,7.720833333333333,25.1834,0.05333333333333333,0.010666666666666666,100,20.0,1,5,0.25,0.032379924446842956
2016,D11,Annual flowers under Ambrosia,4,bees,1.5441666666666667,25.1834,0.0011111111111111111,0.0011111111111111111,20,20.0,1,1,0.05,0.032379924446842956
2016,D11,Annual flowers under Ambrosia,4,flies,1.5441666666666667,25.1834,0.0075,0.0075,20,20.0,1,1,0.05,0.032379924446842956
2016,D11,Annual flowers under Larrea,1,bees,6.175000000000001,24.9742,0.07805555555555556,0.01561111111111111,75,15.0,1,5,0.3333333333333333,0.05398110661268555
2016,D11,Annual flowers under Larrea,1,flies,3.705,24.9742,0.02861111111111111,0.009537037037037037,45,15.0,1,3,0.2,0.05398110661268556
2016,D11,Annual flowers under Larrea,2,none,0.08333333333333333,24.9742,0.0,0.0,12,12.0,1,1,0.08333333333333333,1.0
2016,D11,Annual flowers under Larrea,3,bees,5.748611111111112,24.9742,0.03361111111111111,0.006722222222222222,40,8.0,1,5,0.625,0.10872191350567768
2016,D11,Annual flowers under Larrea,3,flies,1.1497222222222223,24.9742,0.03333333333333333,0.03333333333333333,8,8.0,1,1,0.125,0.1087219135056777
2016,D11,Annual flowers under Larrea,3,other,1.1497222222222223,24.9742,0.0011111111111111111,0.0011111111111111111,8,8.0,1,1,0.125,0.1087219135056777
2016,D11,Annual flowers under Larrea,4,bees,2.8855555555555554,24.9742,0.025555555555555554,0.012777777777777777,22,11.0,1,2,0.18181818181818182,0.06300976651380964
2016,D11,Larrea flowers with annuals,1,bees,1.25,24.9742,0.08111111111111112,0.016222222222222225,1000,200.0,1,5,0.025,0.02
2016,D11,Larrea flowers with annuals,1,other,0.5,24.9742,0.019444444444444445,0.009722222222222222,400,200.0,1,2,0.01,0.02
2016,D11,Larrea flowers with annuals,2,bees,0.25,24.9742,2.777777777777778e-4,2.777777777777778e-4,200,200.0,1,1,0.005,0.02
2016,D11,Larrea flowers with annuals,2,flies,0.25,24.9742,2.777777777777778e-4,2.777777777777778e-4,200,200.0,1,1,0.005,0.02
2016,D11,Larrea flowers with annuals,2,other,0.25,24.9742,0.004166666666666667,0.004166666666666667,200,200.0,1,1,0.005,0.02
2016,D11,Larrea flowers with annuals,3,bees,0.75,24.9742,0.035833333333333335,0.011944444444444445,600,200.0,1,3,0.015,0.02
2016,D11,Larrea flowers with annuals,4,bees,0.75,24.9742,0.02388888888888889,0.007962962962962963,600,200.0,1,3,0.015,0.02
2016,D11,Larrea flowers with annuals,4,flies,0.25,24.9742,2.777777777777778e-4,2.777777777777778e-4,200,200.0,1,1,0.005,0.02
2016,D11,Larrea flowers without annuals,1,bees,0.75,16.4406,0.0175,0.005833333333333334,600,200.0,1,3,0.015,0.02
2016,D11,Larrea flowers without annuals,1,flies,0.25,16.4406,0.0125,0.0125,200,200.0,1,1,0.005,0.02
2016,D11,Larrea flowers without annuals,1,other,0.25,16.4406,0.002777777777777778,0.002777777777777778,200,200.0,1,1,0.005,0.02
2016,D11,Larrea flowers without annuals,2,bees,0.5,16.4406,0.0019444444444444444,9.722222222222222e-4,400,200.0,1,2,0.01,0.02
2016,D11,Larrea flowers without annuals,2,flies,0.25,16.4406,0.008611111111111111,0.008611111111111111,200,200.0,1,1,0.005,0.02
2016,D11,Larrea flowers without annuals,2,other,0.25,16.4406,0.005833333333333334,0.005833333333333334,200,200.0,1,1,0.005,0.02
2016,D11,Larrea flowers without annuals,3,bees,1.0,16.4406,0.035833333333333335,0.008958333333333334,800,200.0,1,4,0.02,0.02
2016,D11,Larrea flowers without annuals,3,flies,0.5,16.4406,0.0030555555555555557,0.0015277777777777779,400,200.0,1,2,0.01,0.02
2016,D11,Larrea flowers without annuals,3,other,0.5,16.4406,0.003611111111111111,0.0018055555555555555,400,200.0,1,2,0.01,0.02
2016,D11,Larrea flowers without annuals,4,bees,1.0,16.4406,0.08,0.02,800,200.0,1,4,0.02,0.02
2016,D11,Larrea flowers without annuals,4,flies,0.5,16.4406,5.555555555555556e-4,2.777777777777778e-4,400,200.0,1,2,0.01,0.02
2016,D12,Annual flowers in open,1,bees,11.192499999999999,31.5564,0.060833333333333336,0.006759259259259259,234,26.0,1,9,0.34615384615384615,0.030927303654576382
2016,D12,Annual flowers in open,2,bees,20.66111111111111,31.5564,0.48027777777777775,0.02401388888888889,240,12.0,1,20,1.6666666666666667,0.08066684592632428
2016,D12,Annual flowers in open,2,flies,2.0661111111111112,31.5564,0.0036111111111111114,0.0018055555555555557,24,12.0,1,2,0.16666666666666666,0.08066684592632427
2016,D12,Annual flowers in open,3,bees,7.583333333333333,31.5564,0.10666666666666666,0.017777777777777778,120,20.0,1,6,0.3,0.03956043956043956
2016,D12,Annual flowers in open,3,flies,7.583333333333333,31.5564,0.04166666666666667,0.006944444444444445,120,20.0,1,6,0.3,0.03956043956043956
2016,D12,Annual flowers in open,4,bees,17.571666666666665,31.5564,0.105,0.008076923076923077,247,19.0,1,13,0.6842105263157895,0.038938282821727566
2016,D12,Annual flowers in open,4,flies,1.3516666666666666,31.5564,0.015833333333333335,0.015833333333333335,19,19.0,1,1,0.05263157894736842,0.038938282821727566
2016,D12,Annual flowers under Ambrosia,1,bees,65.16055555555555,26.43853333,0.375,0.007075471698113208,689,13.0,1,53,4.076923076923077,0.06256734679689945
2016,D12,Annual flowers under Ambrosia,2,bees,35.99111111111111,26.43853333,0.23444444444444446,0.007326388888888889,448,14.0,1,32,2.2857142857142856,0.0635077444166108
2016,D12,Annual flowers under Ambrosia,2,flies,3.3741666666666665,26.43853333,0.010555555555555556,0.0035185185185185185,42,14.0,1,3,0.21428571428571427,0.0635077444166108
2016,D12,Annual flowers under Ambrosia,2,other,1.1247222222222222,26.43853333,0.003611111111111111,0.003611111111111111,14,14.0,1,1,0.07142857142857142,0.0635077444166108
2016,D12,Annual flowers under Ambrosia,3,bees,20.738888888888887,26.43853333,0.2038888888888889,0.010194444444444445,220,11.0,1,20,1.8181818181818181,0.087670165355673
2016,D12,Annual flowers under Ambrosia,3,flies,1.0369444444444444,26.43853333,0.0075,0.0075,11,11.0,1,1,0.09090909090909091,0.087670165355673
2016,D12,Annual flowers under Ambrosia,4,bees,33.21527777777778,26.43853333,0.19805555555555554,0.007922222222222223,200,8.0,1,25,3.125,0.09408321137361489
2016,D12,Annual flowers under Ambrosia,4,flies,5.314444444444445,26.43853333,0.003611111111111111,9.027777777777777e-4,32,8.0,1,4,0.5,0.09408321137361488
2016,D12,Annual flowers under Larrea,1,bees,32.595,25.83113333,0.3725,0.013796296296296296,432,16.0,1,27,1.6875,0.051771744132535664
2016,D12,Annual flowers under Larrea,1,flies,4.828888888888889,25.83113333,0.019166666666666665,0.004791666666666666,64,16.0,1,4,0.25,0.051771744132535664
2016,D12,Annual flowers under Larrea,1,other,2.4144444444444444,25.83113333,0.015555555555555555,0.0077777777777777776,32,16.0,1,2,0.125,0.051771744132535664
2016,D12,Annual flowers under Larrea,2,bees,84.63222222222223,25.83113333,0.7991666666666667,0.013545197740112995,1475,25.0,1,59,2.36,0.0278853601859024
2016,D12,Annual flowers under Larrea,2,flies,7.1722222222222225,25.83113333,0.03222222222222222,0.0064444444444444445,125,25.0,1,5,0.2,0.027885360185902403
2016,D12,Annual flowers under Larrea,3,bees,26.748333333333335,25.83113333,0.28305555555555556,0.012866161616161616,242,11.0,1,22,2.0,0.07477101377032837
2016,D12,Annual flowers under Larrea,4,bees,74.31111111111112,25.83113333,0.946388888888889,0.01720707070707071,1265,23.0,1,55,2.391304347826087,0.03217963386727688
2016,D12,Annual flowers under Larrea,4,flies,1.3511111111111112,25.83113333,0.006666666666666667,0.006666666666666667,23,23.0,1,1,0.043478260869565216,0.03217963386727689
2016,D12,Larrea flowers with annuals,1,flies,1.0,25.83113333,0.010555555555555556,0.002638888888888889,800,200.0,1,4,0.02,0.02
2016,D12,Larrea flowers with annuals,2,flies,0.25,25.83113333,8.333333333333334e-4,8.333333333333334e-4,200,200.0,1,1,0.005,0.02
2016,D12,Larrea flowers with annuals,3,other,0.75,25.83113333,0.03722222222222222,0.012407407407407407,600,200.0,1,3,0.015,0.02
2016,D12,Larrea flowers with annuals,4,none,0.25,25.83113333,0.0,0.0,200,200.0,1,1,0.005,0.02
2016,D12,Larrea flowers without annuals,1,bees,0.5,18.0902,0.013611111111111112,0.006805555555555556,400,200.0,1,2,0.01,0.02
2016,D12,Larrea flowers without annuals,1,flies,0.5,18.0902,0.0030555555555555557,0.0015277777777777779,400,200.0,1,2,0.01,0.02
2016,D12,Larrea flowers without annuals,1,other,0.25,18.0902,0.006388888888888889,0.006388888888888889,200,200.0,1,1,0.005,0.02
2016,D12,Larrea flowers without annuals,2,bees,0.25,18.0902,0.005833333333333334,0.005833333333333334,200,200.0,1,1,0.005,0.02
2016,D12,Larrea flowers without annuals,2,flies,0.25,18.0902,2.777777777777778e-4,2.777777777777778e-4,200,200.0,1,1,0.005,0.02
2016,D12,Larrea flowers without annuals,2,other,0.25,18.0902,0.018333333333333333,0.018333333333333333,200,200.0,1,1,0.005,0.02
2016,D12,Larrea flowers without annuals,3,bees,0.5,18.0902,0.0225,0.01125,400,200.0,1,2,0.01,0.02
2016,D12,Larrea flowers without annuals,3,other,1.0,18.0902,0.050833333333333335,0.012708333333333334,800,200.0,1,4,0.02,0.02
2016,D12,Larrea flowers without annuals,4,bees,0.5,18.0902,0.010833333333333334,0.005416666666666667,400,200.0,1,2,0.01,0.02
2016,D12,Larrea flowers without annuals,4,flies,0.25,18.0902,0.006944444444444444,0.006944444444444444,200,200.0,1,1,0.005,0.02
2016,D12,Larrea flowers without annuals,4,other,0.25,18.0902,0.0022222222222222222,0.0022222222222222222,200,200.0,1,1,0.005,0.02
2016,D13,Annual flowers in open,1,bees,21.67027777777778,24.34693333,0.45749999999999996,0.02691176470588235,646,38.0,1,17,0.4473684210526316,0.020644332557259348
2016,D13,Annual flowers in open,1,flies,2.5494444444444446,24.34693333,0.001388888888888889,6.944444444444445e-4,76,38.0,1,2,0.05263157894736842,0.020644332557259348
2016,D13,Annual flowers in open,2,bees,11.458333333333334,24.34693333,0.09666666666666666,0.008787878787878787,220,20.0,1,11,0.55,0.048
2016,D13,Annual flowers in open,3,bees,31.32222222222222,24.34693333,0.22666666666666666,0.011333333333333334,620,31.0,1,20,0.6451612903225806,0.020597558045062882
2016,D13,Annual flowers in open,3,other,3.132222222222222,24.34693333,0.03111111111111111,0.015555555555555555,62,31.0,1,2,0.06451612903225806,0.02059755804506288
2016,D13,Annual flowers in open,4,bees,25.065,24.34693333,0.4091666666666667,0.02273148148148148,504,28.0,1,18,0.6428571428571429,0.02564760194921775
2016,D13,Annual flowers in open,4,flies,4.1775,24.34693333,0.01888888888888889,0.006296296296296296,84,28.0,1,3,0.10714285714285714,0.025647601949217745
2016,D13,Annual flowers under Ambrosia,1,bees,24.138888888888886,21.45253333,0.2736111111111111,0.013680555555555555,360,18.0,1,20,1.1111111111111112,0.046029919447640975
2016,D13,Annual flowers under Ambrosia,1,flies,7.241666666666666,21.45253333,0.05444444444444445,0.009074074074074075,108,18.0,1,6,0.3333333333333333,0.04602991944764097
2016,D13,Annual flowers under Ambrosia,2,bees,22.933333333333334,21.45253333,0.26861111111111113,0.013430555555555557,360,18.0,1,20,1.1111111111111112,0.04844961240310078
2016,D13,Annual flowers under Ambrosia,3,bees,6.694999999999999,21.45253333,0.23722222222222222,0.03953703703703704,90,15.0,1,6,0.4,0.0597460791635549
2016,D13,Annual flowers under Ambrosia,4,bees,34.270833333333336,21.45253333,0.30194444444444446,0.012077777777777778,525,21.0,1,25,1.1904761904761905,0.03473729917498914
2016,D13,Annual flowers under Larrea,1,bees,20.744722222222222,21.11406667,0.14916666666666667,0.008774509803921568,459,27.0,1,17,0.6296296296296297,0.030351316488352684
2016,D13,Annual flowers under Larrea,1,flies,1.2202777777777778,21.11406667,0.011111111111111112,0.011111111111111112,27,27.0,1,1,0.037037037037037035,0.03035131648835268
2016,D13,Annual flowers under Larrea,1,other,1.2202777777777778,21.11406667,0.010277777777777778,0.010277777777777778,27,27.0,1,1,0.037037037037037035,0.03035131648835268
2016,D13,Annual flowers under Larrea,2,bees,136.6263888888889,21.11406667,0.7236111111111111,0.007951770451770451,2821,31.0,1,91,2.935483870967742,0.021485482378920354
2016,D13,Annual flowers under Larrea,2,flies,1.5013888888888889,21.11406667,0.0044444444444444444,0.0044444444444444444,31,31.0,1,1,0.03225806451612903,0.021485482378920354
2016,D13,Annual flowers under Larrea,3,bees,53.050000000000004,21.11406667,0.30722222222222223,0.00853395061728395,900,25.0,1,36,1.44,0.027144203581526857
2016,D13,Annual flowers under Larrea,3,flies,1.4736111111111112,21.11406667,0.006944444444444444,0.006944444444444444,25,25.0,1,1,0.04,0.02714420358152686
2016,D13,Annual flowers under Larrea,4,bees,31.655555555555555,21.11406667,0.6441666666666667,0.02928030303030303,704,32.0,1,22,0.6875,0.02171814671814672
2016,D13,Larrea flowers with annuals,1,bees,0.25,21.11406667,8.333333333333334e-4,8.333333333333334e-4,200,200.0,1,1,0.005,0.02
2016,D13,Larrea flowers with annuals,1,flies,0.25,21.11406667,2.777777777777778e-4,2.777777777777778e-4,200,200.0,1,1,0.005,0.02
2016,D13,Larrea flowers with annuals,1,other,0.25,21.11406667,0.001388888888888889,0.001388888888888889,200,200.0,1,1,0.005,0.02
2016,D13,Larrea flowers with annuals,2,flies,0.25,21.11406667,2.777777777777778e-4,2.777777777777778e-4,200,200.0,1,1,0.005,0.02
2016,D13,Larrea flowers with annuals,3,bees,0.25,21.11406667,2.777777777777778e-4,2.777777777777778e-4,200,200.0,1,1,0.005,0.02
2016,D13,Larrea flowers with annuals,3,flies,0.75,21.11406667,0.003611111111111111,0.0012037037037037038,600,200.0,1,3,0.015,0.02
2016,D13,Larrea flowers with annuals,4,bees,0.25,21.11406667,0.018333333333333333,0.018333333333333333,200,200.0,1,1,0.005,0.02
2016,D13,Larrea flowers with annuals,4,flies,0.25,21.11406667,0.0025,0.0025,200,200.0,1,1,0.005,0.02
2016,D13,Larrea flowers without annuals,1,bees,0.25,16.94053333,2.777777777777778e-4,2.777777777777778e-4,200,200.0,1,1,0.005,0.02
2016,D13,Larrea flowers without annuals,2,flies,0.5,16.94053333,0.004722222222222222,0.002361111111111111,400,200.0,1,2,0.01,0.02
2016,D13,Larrea flowers without annuals,2,other,0.25,16.94053333,2.777777777777778e-4,2.777777777777778e-4,200,200.0,1,1,0.005,0.02
2016,D13,Larrea flowers without annuals,3,bees,0.5,16.94053333,0.014444444444444444,0.007222222222222222,400,200.0,1,2,0.01,0.02
2016,D13,Larrea flowers without annuals,3,flies,0.5,16.94053333,0.007222222222222222,0.003611111111111111,400,200.0,1,2,0.01,0.02
2016,D13,Larrea flowers without annuals,3,other,0.25,16.94053333,0.019444444444444445,0.019444444444444445,200,200.0,1,1,0.005,0.02
2016,D13,Larrea flowers without annuals,4,bees,0.25,16.94053333,0.01138888888888889,0.01138888888888889,200,200.0,1,1,0.005,0.02
2016,D13,Larrea flowers without annuals,4,flies,0.25,16.94053333,0.0019444444444444444,0.0019444444444444444,200,200.0,1,1,0.005,0.02
2016,D13,Larrea flowers without annuals,4,other,0.25,16.94053333,0.022222222222222223,0.022222222222222223,200,200.0,1,1,0.005,0.02
2016,D14,Annual flowers in open,1,bees,150.8136111111111,28.15413333,NA,NA,2507,23.0,1,109,4.739130434782608,0.03142375810689315
2016,D14,Annual flowers in open,1,flies,1.3836111111111111,28.15413333,0.035555555555555556,0.035555555555555556,23,23.0,1,1,0.043478260869565216,0.03142375810689315
2016,D14,Annual flowers in open,2,bees,14.242222222222223,28.15413333,0.09,0.006923076923076923,325,25.0,1,13,0.52,0.036511156186612576
2016,D14,Annual flowers in open,2,flies,1.0955555555555556,28.15413333,0.0019444444444444444,0.0019444444444444444,25,25.0,1,1,0.04,0.036511156186612576
2016,D14,Annual flowers in open,3,bees,27.953333333333333,28.15413333,0.21583333333333335,0.010277777777777778,651,31.0,1,21,0.6774193548387096,0.02423393828423717
2016,D14,Annual flowers in open,3,flies,9.317777777777778,28.15413333,0.12583333333333332,0.017976190476190475,217,31.0,1,7,0.22580645161290322,0.02423393828423717
2016,D14,Annual flowers in open,4,bees,37.59777777777778,28.15413333,0.3063888888888889,0.010942460317460318,1008,36.0,1,28,0.7777777777777778,0.02068680182043856
2016,D14,Annual flowers in open,4,flies,4.028333333333333,28.15413333,0.015555555555555555,0.005185185185185185,108,36.0,1,3,0.08333333333333333,0.02068680182043856
2016,D14,Annual flowers under Ambrosia,1,bees,32.18944444444444,23.24086667,0.13777777777777778,0.0052991452991453,676,26.0,1,26,1.0,0.031066084465231878
2016,D14,Annual flowers under Ambrosia,2,bees,46.0,23.24086667,0.37472222222222223,0.009368055555555555,960,24.0,1,40,1.6666666666666667,0.036231884057971016
2016,D14,Annual flowers under Ambrosia,2,flies,1.15,23.24086667,0.014444444444444444,0.014444444444444444,24,24.0,1,1,0.041666666666666664,0.036231884057971016
2016,D14,Annual flowers under Ambrosia,3,bees,34.61805555555556,23.24086667,1.01,0.0404,575,23.0,1,25,1.0869565217391304,0.031398543456456325
2016,D14,Annual flowers under Ambrosia,3,flies,4.154166666666667,23.24086667,0.0011111111111111111,3.7037037037037035e-4,69,23.0,1,3,0.13043478260869565,0.031398543456456325
2016,D14,Annual flowers under Ambrosia,4,bees,30.195,23.24086667,0.2111111111111111,0.009595959595959595,572,26.0,1,22,0.8461538461538461,0.028022978842650974
2016,D14,Annual flowers under Larrea,1,bees,26.864444444444445,22.26093333,0.2977777777777778,0.013535353535353536,418,19.0,1,22,1.1578947368421053,0.04310138403333174
2016,D14,Annual flowers under Larrea,1,flies,1.221111111111111,22.26093333,0.019166666666666665,0.019166666666666665,19,19.0,1,1,0.05263157894736842,0.04310138403333174
2016,D14,Annual flowers under Larrea,2,bees,95.52833333333334,22.26093333,0.5416666666666666,0.006944444444444445,2106,27.0,1,78,2.888888888888889,0.030241173357526272
2016,D14,Annual flowers under Larrea,2,flies,2.4494444444444445,22.26093333,0.015,0.0075,54,27.0,1,2,0.07407407407407407,0.03024117335752627
2016,D14,Annual flowers under Larrea,3,bees,32.11722222222222,22.26093333,0.11055555555555556,0.004252136752136752,832,32.0,1,26,0.8125,0.02529795367663594
2016,D14,Annual flowers under Larrea,4,bees,98.77777777777779,22.26093333,0.5527777777777778,0.007896825396825397,2450,35.0,1,70,2.0,0.0202474690663667
2016,D14,Larrea flowers with annuals,1,none,0.25,22.26093333,0.0,0.0,200,200.0,1,1,0.005,0.02
2016,D14,Larrea flowers with annuals,2,bees,0.25,22.26093333,0.001388888888888889,0.001388888888888889,200,200.0,1,1,0.005,0.02
2016,D14,Larrea flowers with annuals,2,flies,0.25,22.26093333,0.0011111111111111111,0.0011111111111111111,200,200.0,1,1,0.005,0.02
2016,D14,Larrea flowers with annuals,3,none,0.25,22.26093333,0.0,0.0,200,200.0,1,1,0.005,0.02
2016,D14,Larrea flowers with annuals,4,flies,0.25,22.26093333,2.777777777777778e-4,2.777777777777778e-4,200,200.0,1,1,0.005,0.02
2016,D14,Larrea flowers without annuals,1,flies,0.25,14.9412,8.333333333333334e-4,8.333333333333334e-4,200,200.0,1,1,0.005,0.02
2016,D14,Larrea flowers without annuals,2,bees,0.25,14.9412,0.0033333333333333335,0.0033333333333333335,200,200.0,1,1,0.005,0.02
2016,D14,Larrea flowers without annuals,2,other,0.25,14.9412,2.777777777777778e-4,2.777777777777778e-4,200,200.0,1,1,0.005,0.02
2016,D14,Larrea flowers without annuals,3,bees,0.5,14.9412,0.0036111111111111114,0.0018055555555555557,400,200.0,1,2,0.01,0.02
2016,D14,Larrea flowers without annuals,3,flies,0.25,14.9412,0.002777777777777778,0.002777777777777778,200,200.0,1,1,0.005,0.02
2016,D14,Larrea flowers without annuals,4,bees,0.25,14.9412,5.555555555555556e-4,5.555555555555556e-4,200,200.0,1,1,0.005,0.02
2016,D14,Larrea flowers without annuals,4,flies,0.25,14.9412,2.777777777777778e-4,2.777777777777778e-4,200,200.0,1,1,0.005,0.02
2016,D15,Annual flowers in open,1,bees,60.8825,30.45206667,0.4316666666666667,0.00880952380952381,1225,25.0,1,49,1.96,0.03219315895372234
2016,D15,Annual flowers in open,1,flies,1.2425,30.45206667,0.0038888888888888888,0.0038888888888888888,25,25.0,1,1,0.04,0.03219315895372234
2016,D15,Annual flowers in open,1,other,1.1527777777777777,30.45206667,0.015833333333333335,0.015833333333333335,2,2.0,1,1,0.5,0.4337349397590362
2016,D15,Annual flowers in open,2,bees,34.76,30.45206667,0.3536111111111111,0.010715488215488216,561,17.0,1,33,1.9411764705882353,0.05584512285927029
2016,D15,Annual flowers in open,3,bees,48.588888888888896,30.45206667,24.15111111111111,0.690031746031746,749,21.4,1,35,1.6355140186915889,0.033660247354731984
2016,D15,Annual flowers in open,4,bees,55.45,30.45206667,0.3288888888888889,0.008021680216802168,723,17.634146341463413,1,41,2.3250345781466115,0.04193028995755837
2016,D15,Annual flowers in open,4,flies,1.3580555555555556,30.45206667,0.0030555555555555557,0.0030555555555555557,18,18.0,1,1,0.05555555555555555,0.04090816117815504
2016,D15,Annual flowers in open,5,bees,1.4247222222222222,30.45206667,0.011944444444444445,0.011944444444444445,5,5.0,1,1,0.2,0.14037824137258725
2016,D15,Annual flowers under Ambrosia,1,bees,89.10027777777778,26.821,1.3194444444444444,0.01783033033033033,1519,20.527027027027028,1,74,3.6050032916392363,0.04046006793189088
2016,D15,Annual flowers under Ambrosia,1,flies,3.9286111111111106,26.821,0.020555555555555556,0.006851851851851852,44,14.666666666666666,1,3,0.20454545454545456,0.05206558978743099
2016,D15,Annual flowers under Ambrosia,1,other,2.2619444444444445,26.821,0.007222222222222222,0.003611111111111111,26,13.0,1,2,0.15384615384615385,0.06801500108635071
2016,D15,Annual flowers under Ambrosia,2,bees,86.88166666666667,26.821,0.6138888888888889,0.007972582972582973,1463,19.0,1,77,4.052631578947368,0.04664541708777112
2016,D15,Annual flowers under Ambrosia,2,flies,1.063611111111111,26.821,0.0044444444444444444,0.0044444444444444444,2,2.0,1,1,0.5,0.4700966309741447
2016,D15,Annual flowers under Ambrosia,2,none,1.5141666666666667,26.821,0.0,0.0,4,4.0,1,1,0.25,0.1651073197578426
2016,D15,Annual flowers under Ambrosia,3,bees,46.47972222222222,26.821,0.2866666666666667,0.00819047619047619,865,24.714285714285715,1,35,1.416184971098266,0.030468877682345092
2016,D15,Annual flowers under Ambrosia,3,flies,1.351388888888889,26.821,0.0030555555555555557,0.0030555555555555557,26,26.0,1,1,0.038461538461538464,0.028460747885208318
2016,D15,Annual flowers under Ambrosia,3,other,0.5,26.821,0.005555555555555556,0.005555555555555556,1,1.0,1,1,1.0,2.0
2016,D15,Annual flowers under Larrea,1,bees,38.92166666666667,25.978,0.31833333333333336,0.009646464646464646,594,18.0,1,33,1.8333333333333333,0.047103155911446065
2016,D15,Annual flowers under Larrea,2,bees,52.69,25.978,0.365,0.008295454545454545,924,21.0,1,44,2.0952380952380953,0.039765384233025156
2016,D15,Annual flowers under Larrea,2,flies,1.1975,25.978,0.0033333333333333335,0.0033333333333333335,21,21.0,1,1,0.047619047619047616,0.03976538423302515
2016,D15,Annual flowers under Larrea,3,bees,85.63250000000001,25.978,0.6111111111111112,0.010018214936247723,1028,16.852459016393443,1,61,3.619649805447471,0.042269579954427004
2016,D15,Annual flowers under Larrea,3,flies,15.47638888888889,25.978,0.07250000000000001,0.006590909090909091,187,17.0,1,11,0.6470588235294118,0.04180941873294234
2016,D15,Annual flowers under Larrea,4,bees,45.93944444444444,25.978,0.27305555555555555,0.007185672514619883,677,17.81578947368421,1,38,2.132939438700148,0.046429369455687645
2016,D15,Annual flowers under Larrea,4,flies,2.3355555555555556,25.978,0.018611111111111113,0.009305555555555556,24,12.0,1,2,0.16666666666666666,0.07136060894386298
2016,D15,Larrea flowers with annuals,1,bees,1.0,25.978,0.004722222222222222,0.0011805555555555556,800,200.0,1,4,0.02,0.02
2016,D15,Larrea flowers with annuals,2,none,0.25,25.978,0.0,0.0,200,200.0,1,1,0.005,0.02
2016,D15,Larrea flowers with annuals,3,flies,0.25,25.978,0.0011111111111111111,0.0011111111111111111,200,200.0,1,1,0.005,0.02
2016,D15,Larrea flowers with annuals,4,bees,0.75,25.978,0.005,0.0016666666666666668,600,200.0,1,3,0.015,0.02
2016,D15,Larrea flowers with annuals,4,flies,0.25,25.978,5.555555555555556e-4,5.555555555555556e-4,200,200.0,1,1,0.005,0.02
2016,D15,Larrea flowers without annuals,1,bees,0.75,17.14786667,0.013055555555555556,0.004351851851851852,600,200.0,1,3,0.015,0.02
2016,D15,Larrea flowers without annuals,1,flies,0.5,17.14786667,0.004166666666666667,0.0020833333333333333,400,200.0,1,2,0.01,0.02
2016,D15,Larrea flowers without annuals,2,bees,0.5,17.14786667,0.004722222222222222,0.002361111111111111,400,200.0,1,2,0.01,0.02
2016,D15,Larrea flowers without annuals,3,bees,0.25,17.14786667,0.010833333333333334,0.010833333333333334,200,200.0,1,1,0.005,0.02
2016,D15,Larrea flowers without annuals,3,flies,0.25,17.14786667,2.777777777777778e-4,2.777777777777778e-4,200,200.0,1,1,0.005,0.02
2016,D15,Larrea flowers without annuals,4,none,0.25,17.14786667,0.0,0.0,200,200.0,1,1,0.005,0.02
2016,D9,Annual flowers in open,1,bees,43.788888888888884,31.30206667,17.005833333333335,0.4858809523809524,770,22.0,1,35,1.5909090909090908,0.03633134183755853
2016,D9,Annual flowers in open,1,flies,22.52,31.30206667,1.6672222222222224,0.09262345679012346,396,22.0,1,18,0.8181818181818182,0.03633134183755854
2016,D9,Annual flowers in open,1,other,1.251111111111111,31.30206667,0.021388888888888888,0.021388888888888888,22,22.0,1,1,0.045454545454545456,0.03633134183755854
2016,D9,Annual flowers in open,2,bees,20.976666666666667,31.30206667,0.08805555555555555,0.004193121693121693,588,28.0,1,21,0.75,0.0357540123947243
2016,D9,Annual flowers in open,2,flies,2.996666666666667,31.30206667,0.105,0.034999999999999996,84,28.0,1,3,0.10714285714285714,0.03575401239472429
2016,D9,Annual flowers in open,3,bees,53.93333333333334,31.30206667,0.33916666666666667,0.008479166666666666,800,20.0,1,40,2.0,0.037082818294190356
2016,D9,Annual flowers in open,3,flies,2.6966666666666668,31.30206667,0.005833333333333334,0.002916666666666667,40,20.0,1,2,0.1,0.037082818294190356
2016,D9,Annual flowers in open,3,other,1.3483333333333334,31.30206667,0.10055555555555555,0.10055555555555555,20,20.0,1,1,0.05,0.037082818294190356
2016,D9,Annual flowers in open,4,bees,71.97666666666667,31.30206667,0.25583333333333336,0.004919871794871795,1196,23.0,1,52,2.260869565217391,0.03141114572154019
2016,D9,Annual flowers in open,4,flies,29.067500000000003,31.30206667,1.0338888888888889,0.04923280423280423,483,23.0,1,21,0.9130434782608695,0.03141114572154019
2016,D9,Annual flowers in open,4,other,4.1525,31.30206667,0.044444444444444446,0.014814814814814815,69,23.0,1,3,0.13043478260869565,0.03141114572154019
2016,D9,Annual flowers under Ambrosia,1,bees,11.6,27.799,0.058055555555555555,0.004837962962962963,196,16.333333333333332,1,12,0.7346938775510204,0.0633356790992259
2016,D9,Annual flowers under Ambrosia,1,flies,11.6,27.799,0.4502777777777778,0.037523148148148146,192,16.0,1,12,0.75,0.06465517241379311
2016,D9,Annual flowers under Ambrosia,2,bees,30.317777777777778,27.799,0.2313888888888889,0.008569958847736626,484,17.925925925925927,1,27,1.5061983471074378,0.04968036767560999
2016,D9,Annual flowers under Ambrosia,2,flies,3.3866666666666667,27.799,0.042499999999999996,0.014166666666666666,54,18.0,1,3,0.16666666666666666,0.049212598425196846
2016,D9,Annual flowers under Ambrosia,3,bees,31.485,27.799,0.16472222222222221,0.006100823045267489,540,20.0,1,27,1.35,0.04287756074321106
2016,D9,Annual flowers under Ambrosia,3,flies,8.162777777777778,27.799,0.1375,0.019642857142857142,140,20.0,1,7,0.35,0.04287756074321105
2016,D9,Annual flowers under Ambrosia,4,bees,48.99,27.799,0.14666666666666667,0.004074074074074074,864,24.0,1,36,1.5,0.03061849357011635
2016,D9,Annual flowers under Ambrosia,4,flies,14.969166666666666,27.799,0.25722222222222224,0.023383838383838385,264,24.0,1,11,0.4583333333333333,0.03061849357011635
2016,D9,Annual flowers under Larrea,1,bees,65.44,27.65146667,0.36777777777777776,0.007662037037037037,960,20.0,1,48,2.4,0.03667481662591687
2016,D9,Annual flowers under Larrea,1,flies,5.453333333333333,27.65146667,0.01638888888888889,0.004097222222222223,80,20.0,1,4,0.2,0.03667481662591687
2016,D9,Annual flowers under Larrea,1,other,1.3633333333333333,27.65146667,0.0022222222222222222,0.0022222222222222222,20,20.0,1,1,0.05,0.03667481662591687
2016,D9,Annual flowers under Larrea,2,bees,55.89083333333333,27.65146667,0.23916666666666667,0.005088652482269504,846,18.0,1,47,2.611111111111111,0.0467180565288484
2016,D9,Annual flowers under Larrea,2,flies,2.3783333333333334,27.65146667,0.06333333333333334,0.03166666666666667,36,18.0,1,2,0.1111111111111111,0.046718056528848396
2016,D9,Annual flowers under Larrea,3,bees,23.0475,27.65146667,0.24694444444444444,0.01175925925925926,336,16.0,1,21,1.3125,0.05694760820045558
2016,D9,Annual flowers under Larrea,3,flies,1.0975,27.65146667,0.008888888888888889,0.008888888888888889,16,16.0,1,1,0.0625,0.056947608200455586
2016,D9,Annual flowers under Larrea,4,bees,48.97,27.65146667,0.2438888888888889,0.006774691358024692,1224,34.0,1,36,1.0588235294117647,0.021621881343920048
2016,D9,Annual flowers under Larrea,4,flies,5.441111111111111,27.65146667,0.03666666666666667,0.009166666666666667,136,34.0,1,4,0.11764705882352941,0.021621881343920048
2016,D9,Annual flowers under Larrea,4,other,2.7205555555555554,27.65146667,0.006111111111111111,0.0030555555555555557,68,34.0,1,2,0.058823529411764705,0.021621881343920048
2016,D9,Larrea flowers with annuals,1,bees,0.25,27.65146667,2.777777777777778e-4,2.777777777777778e-4,200,200.0,1,1,0.005,0.02
2016,D9,Larrea flowers with annuals,1,flies,0.25,27.65146667,2.777777777777778e-4,2.777777777777778e-4,200,200.0,1,1,0.005,0.02
2016,D9,Larrea flowers with annuals,1,other,0.25,27.65146667,5.555555555555556e-4,5.555555555555556e-4,200,200.0,1,1,0.005,0.02
2016,D9,Larrea flowers with annuals,2,bees,0.25,27.65146667,0.0038888888888888888,0.0038888888888888888,200,200.0,1,1,0.005,0.02
2016,D9,Larrea flowers with annuals,2,flies,0.25,27.65146667,0.002777777777777778,0.002777777777777778,200,200.0,1,1,0.005,0.02
2016,D9,Larrea flowers with annuals,3,bees,0.25,27.65146667,2.777777777777778e-4,2.777777777777778e-4,200,200.0,1,1,0.005,0.02
2016,D9,Larrea flowers with annuals,4,bees,0.25,27.65146667,0.001388888888888889,0.001388888888888889,200,200.0,1,1,0.005,0.02
2016,D9,Larrea flowers with annuals,4,none,0.25,27.65146667,0.0,0.0,200,200.0,1,1,0.005,0.02
2016,D9,Larrea flowers without annuals,1,bees,0.5,22.32906667,0.03111111111111111,0.015555555555555555,400,200.0,1,2,0.01,0.02
2016,D9,Larrea flowers without annuals,2,bees,0.25,22.32906667,0.05583333333333333,0.05583333333333333,200,200.0,1,1,0.005,0.02
2016,D9,Larrea flowers without annuals,2,flies,0.5,22.32906667,0.05611111111111111,0.028055555555555556,400,200.0,1,2,0.01,0.02
2016,D9,Larrea flowers without annuals,3,none,0.25,22.32906667,0.0,0.0,200,200.0,1,1,0.005,0.02
